"","X1","X2","X3"
"1","S1P1.C1",-0.00617,-0.62821
"2",NA,NA,NA
"3","S1P3.C1",0.00318,-0.6523
"4",NA,NA,NA
"5","S1P5.C1",0.01821,-1.58571
"6",NA,NA,NA
"7","S2P1.C1",0.01435,-0.64587
"8",NA,NA,NA
"9","S2P3.C1",0.01085,-0.60287
"10",NA,NA,NA
"11","S2P7.C1",0.00296,-0.60692
"12",NA,NA,NA
"13","S3P1.C1",0.00517,-0.6767
"14",NA,NA,NA
"15","S3P3.C1",0.00764,-0.65035
"16",NA,NA,NA
"17","S3P5.C1",0.00928,-0.63999
"18",NA,NA,NA
"19","S1P2.C2",-0.0119,-1.58551
"20",NA,NA,NA
"21","S1P4.C2",0.00426,-0.59956
"22",NA,NA,NA
"23","S1P6.C2",-0.00929,-0.62365
"24",NA,NA,NA
"25","S2P8.C2",0.00715,-0.57134
"26",NA,NA,NA
"27","S2P4.C2",0.00679,-0.61718
"28",NA,NA,NA
"29","S2P6.C2",-0.00938,-0.58602
"30",NA,NA,NA
"31","S3P2.C2",-0.0048,-0.6113
"32",NA,NA,NA
"33","S3P4.C2",-0.00963,-0.59302
"34",NA,NA,NA
"35","S3P6.C2",0.00254,-0.62163
"36",NA,NA,NA
"37","S1P1.C1",0.01114,-0.55352
"38",NA,NA,NA
"39","S1P3.C1",0.00132,-0.56583
"40",NA,NA,NA
"41","S1P5.C1",0.0116,-1.57144
"42",NA,NA,NA
"43","S2P1.C1",0.01312,-0.57106
"44",NA,NA,NA
"45","S2P3.C1",-0.00231,-0.52815
"46",NA,NA,NA
"47","S2P7.C1",-0.01406,-0.53223
"48",NA,NA,NA
"49","S3P1.C1",0.00935,-0.62172
"50",NA,NA,NA
"51","S3P3.C1",0.015,-0.5755
"52",NA,NA,NA
"53","S3P5.C1",0.00148,-0.56525
"54",NA,NA,NA
"55","S1P2.C2",-0.03806,-1.57124
"56",NA,NA,NA
"57","S1P4.C2",-0.01027,-0.52488
"58",NA,NA,NA
"59","S1P6.C2",-0.00573,-0.53718
"60",NA,NA,NA
"61","S2P8.C2",-0.00466,-0.49657
"62",NA,NA,NA
"63","S2P4.C2",0.00246,-0.54231
"64",NA,NA,NA
"65","S2P6.C2",0.01539,-0.51125
"66",NA,NA,NA
"67","S3P2.C2",-0.00478,-0.5366
"68",NA,NA,NA
"69","S3P4.C2",0.00237,-0.51817
"70",NA,NA,NA
"71","S3P6.C2",0.01341,-0.54682
"72",NA,NA,NA
"73","S1P1.C1",-0.00162,-0.47876
"74",NA,NA,NA
"75","S1P3.C1",0.00226,-0.47899
"76",NA,NA,NA
"77","S1P5.C1",-0.00444,-1.55719
"78",NA,NA,NA
"79","S2P1.C1",0.00486,-0.49623
"80",NA,NA,NA
"81","S2P3.C1",0.00485,-0.45328
"82",NA,NA,NA
"83","S2P7.C1",-0.01214,-0.45738
"84",NA,NA,NA
"85","S3P1.C1",0.00447,-0.54685
"86",NA,NA,NA
"87","S3P3.C1",-0.000558,-0.50073
"88",NA,NA,NA
"89","S3P5.C1",0.000258,-0.49064
"90",NA,NA,NA
"91","S1P2.C2",3.93e-05,-1.55703
"92",NA,NA,NA
"93","S1P4.C2",0.00254,-0.45006
"94",NA,NA,NA
"95","S1P6.C2",-0.00522,-0.45031
"96",NA,NA,NA
"97","S2P8.C2",0.011,-0.42174
"98",NA,NA,NA
"99","S2P4.C2",0.01214,-0.46752
"100",NA,NA,NA
"101","S2P6.C2",-0.00594,-0.43634
"102",NA,NA,NA
"103","S3P2.C2",0.00015,-0.46197
"104",NA,NA,NA
"105","S3P4.C2",-0.01335,-0.44331
"106",NA,NA,NA
"107","S3P6.C2",0.000828,-0.47203
"108",NA,NA,NA
"109","S1P1.C1",-0.00693,-0.40397
"110",NA,NA,NA
"111","S1P3.C1",0.00667,-0.39222
"112",NA,NA,NA
"113","S1P5.C1",-0.00265,-1.54294
"114",NA,NA,NA
"115","S2P1.C1",0.01817,-0.42139
"116",NA,NA,NA
"117","S2P3.C1",-0.00495,-0.37838
"118",NA,NA,NA
"119","S2P7.C1",-0.00335,-0.38259
"120",NA,NA,NA
"121","S3P1.C1",-0.0162,-0.47201
"122",NA,NA,NA
"123","S3P3.C1",-0.0028,-0.42591
"124",NA,NA,NA
"125","S3P5.C1",-0.00891,-0.41598
"126",NA,NA,NA
"127","S1P2.C2",-0.01354,-1.54275
"128",NA,NA,NA
"129","S1P4.C2",-0.00188,-0.37525
"130",NA,NA,NA
"131","S1P6.C2",-0.0163,-0.36352
"132",NA,NA,NA
"133","S2P8.C2",0.00559,-0.347
"134",NA,NA,NA
"135","S2P4.C2",0.00391,-0.39267
"136",NA,NA,NA
"137","S2P6.C2",-0.02135,-0.3615
"138",NA,NA,NA
"139","S3P2.C2",-0.01879,-0.38734
"140",NA,NA,NA
"141","S3P4.C2",0.00424,-0.36851
"142",NA,NA,NA
"143","S3P6.C2",0.00491,-0.39722
"144",NA,NA,NA
"145","S1P1.C1",-0.00125,-0.32916
"146",NA,NA,NA
"147","S1P3.C1",-0.00501,-0.30537
"148",NA,NA,NA
"149","S1P5.C1",0.00234,-1.52872
"150",NA,NA,NA
"151","S2P1.C1",-0.00876,-0.34657
"152",NA,NA,NA
"153","S2P3.C1",0.01202,-0.30354
"154",NA,NA,NA
"155","S2P7.C1",0.00234,-0.30787
"156",NA,NA,NA
"157","S3P1.C1",0.00118,-0.3972
"158",NA,NA,NA
"159","S3P3.C1",0.01217,-0.35117
"160",NA,NA,NA
"161","S3P5.C1",-0.000341,-0.34138
"162",NA,NA,NA
"163","S1P2.C2",0.0143,-1.52853
"164",NA,NA,NA
"165","S1P4.C2",0.00976,-0.30044
"166",NA,NA,NA
"167","S1P6.C2",-0.01323,-0.27668
"168",NA,NA,NA
"169","S2P8.C2",0.00143,-0.27227
"170",NA,NA,NA
"171","S2P4.C2",0.00744,-0.31791
"172",NA,NA,NA
"173","S2P6.C2",0.00187,-0.28663
"174",NA,NA,NA
"175","S3P2.C2",0.00832,-0.31274
"176",NA,NA,NA
"177","S3P4.C2",-0.00458,-0.29367
"178",NA,NA,NA
"179","S3P6.C2",-0.00377,-0.32248
"180",NA,NA,NA
"181","S1P1.C1",-0.00527,-0.25434
"182",NA,NA,NA
"183","S1P3.C1",-0.01167,-0.21856
"184",NA,NA,NA
"185","S1P5.C1",-0.02499,-1.51449
"186",NA,NA,NA
"187","S2P1.C1",0.00562,-0.27181
"188",NA,NA,NA
"189","S2P3.C1",0.005,-0.22868
"190",NA,NA,NA
"191","S2P7.C1",-0.00526,-0.23316
"192",NA,NA,NA
"193","S3P1.C1",-0.00183,-0.32236
"194",NA,NA,NA
"195","S3P3.C1",-0.00087,-0.27639
"196",NA,NA,NA
"197","S3P5.C1",0.00309,-0.26672
"198",NA,NA,NA
"199","S1P2.C2",-0.00596,-1.51431
"200",NA,NA,NA
"201","S1P4.C2",-0.00904,-0.22564
"202",NA,NA,NA
"203","S1P6.C2",-0.01284,-0.18968
"204",NA,NA,NA
"205","S2P8.C2",0.00226,-0.19753
"206",NA,NA,NA
"207","S2P4.C2",-0.0138,-0.24313
"208",NA,NA,NA
"209","S2P6.C2",0.00248,-0.21178
"210",NA,NA,NA
"211","S3P2.C2",-0.00236,-0.23808
"212",NA,NA,NA
"213","S3P4.C2",-0.01868,-0.21884
"214",NA,NA,NA
"215","S3P6.C2",-0.00502,-0.24769
"216",NA,NA,NA
"217","S1P1.C1",-0.00695,-0.17954
"218",NA,NA,NA
"219","S1P3.C1",0.00841,-0.1298
"220",NA,NA,NA
"221","S1P5.C1",-0.00519,-1.49675
"222",NA,NA,NA
"223","S2P1.C1",0.01305,-0.19699
"224",NA,NA,NA
"225","S2P3.C1",-0.00122,-0.15382
"226",NA,NA,NA
"227","S2P7.C1",0.01271,-0.15837
"228",NA,NA,NA
"229","S3P1.C1",0.02139,-0.24753
"230",NA,NA,NA
"231","S3P3.C1",0.000403,-0.20163
"232",NA,NA,NA
"233","S3P5.C1",0.00385,-0.19205
"234",NA,NA,NA
"235","S1P2.C2",-0.00439,-1.49659
"236",NA,NA,NA
"237","S1P4.C2",-0.00907,-0.15082
"238",NA,NA,NA
"239","S1P6.C2",0.00872,-0.10104
"240",NA,NA,NA
"241","S2P8.C2",0.00632,-0.12279
"242",NA,NA,NA
"243","S2P4.C2",0.0025,-0.16826
"244",NA,NA,NA
"245","S2P6.C2",0.01517,-0.1369
"246",NA,NA,NA
"247","S3P2.C2",-0.00133,-0.16334
"248",NA,NA,NA
"249","S3P4.C2",-0.00278,-0.14403
"250",NA,NA,NA
"251","S3P6.C2",-0.00158,-0.17293
"252",NA,NA,NA
"253","S1P1.C1",0.00738,-0.10471
"254",NA,NA,NA
"255","S1P3.C1",-0.0146,-0.04495
"256",NA,NA,NA
"257","S1P5.C1",0.00911,-1.48253
"258",NA,NA,NA
"259","S2P1.C1",-0.0026,-0.12216
"260",NA,NA,NA
"261","S2P3.C1",0.0202,-0.07897
"262",NA,NA,NA
"263","S2P7.C1",0.00141,-0.08367
"264",NA,NA,NA
"265","S3P1.C1",-0.00265,-0.1727
"266",NA,NA,NA
"267","S3P3.C1",0.00635,-0.12685
"268",NA,NA,NA
"269","S3P5.C1",-0.0077,-0.11728
"270",NA,NA,NA
"271","S1P2.C2",0.00567,-1.48236
"272",NA,NA,NA
"273","S1P4.C2",-0.00609,-0.07598
"274",NA,NA,NA
"275","S1P6.C2",0.00761,-0.00735
"276",NA,NA,NA
"277","S2P8.C2",0.01461,-0.04801
"278",NA,NA,NA
"279","S2P4.C2",0.01858,-0.09343
"280",NA,NA,NA
"281","S2P6.C2",-0.02039,-0.06207
"282",NA,NA,NA
"283","S3P2.C2",0.00257,-0.08854
"284",NA,NA,NA
"285","S3P4.C2",-0.01681,-0.06925
"286",NA,NA,NA
"287","S3P6.C2",0.000115,-0.09814
"288",NA,NA,NA
"289","S1P1.C1",0.0024,-0.02986
"290",NA,NA,NA
"291","S1P3.C1",-0.00774,-0.00755
"292",NA,NA,NA
"293","S1P5.C1",0.0053,-1.46832
"294",NA,NA,NA
"295","S2P1.C1",0.000711,-0.04726
"296",NA,NA,NA
"297","S2P3.C1",-0.00389,-0.02704
"298",NA,NA,NA
"299","S2P7.C1",0.00738,-0.00747
"300",NA,NA,NA
"301","S3P1.C1",-0.00167,-0.09791
"302",NA,NA,NA
"303","S3P3.C1",-0.00449,-0.05207
"304",NA,NA,NA
"305","S3P5.C1",0.00275,-0.04241
"306",NA,NA,NA
"307","S1P2.C2",0.00263,-1.46814
"308",NA,NA,NA
"309","S1P4.C2",0.0125,-0.00652
"310",NA,NA,NA
"311","S1P6.C2",-0.02331,0.01405
"312",NA,NA,NA
"313","S2P8.C2",-0.00512,-0.000324
"314",NA,NA,NA
"315","S2P4.C2",-0.00219,-0.00723
"316",NA,NA,NA
"317","S2P6.C2",0.00808,-0.03867
"318",NA,NA,NA
"319","S3P2.C2",-0.00822,-0.01366
"320",NA,NA,NA
"321","S3P4.C2",0.00198,-0.00716
"322",NA,NA,NA
"323","S3P6.C2",0.00541,-0.02815
"324",NA,NA,NA
"325","S1P1.C1",0.01112,-0.0067
"326",NA,NA,NA
"327","S1P3.C1",-0.0054,0.01385
"328",NA,NA,NA
"329","S1P5.C1",-0.01383,-1.45409
"330",NA,NA,NA
"331","S2P1.C1",-0.00522,-0.00742
"332",NA,NA,NA
"333","S2P3.C1",-0.00289,-0.00565
"334",NA,NA,NA
"335","S2P7.C1",0.00923,0.01391
"336",NA,NA,NA
"337","S3P1.C1",-0.00663,-0.02315
"338",NA,NA,NA
"339","S3P3.C1",-0.01003,-0.02834
"340",NA,NA,NA
"341","S3P5.C1",-0.01213,0.01333
"342",NA,NA,NA
"343","S1P2.C2",-0.00467,-1.45391
"344",NA,NA,NA
"345","S1P4.C2",0.0026,0.01488
"346",NA,NA,NA
"347","S1P6.C2",-0.00244,0.03545
"348",NA,NA,NA
"349","S2P8.C2",-0.00278,0.02105
"350",NA,NA,NA
"351","S2P4.C2",-0.00723,0.01417
"352",NA,NA,NA
"353","S2P6.C2",-0.04802,-0.01727
"354",NA,NA,NA
"355","S3P2.C2",-0.0071,0.01354
"356",NA,NA,NA
"357","S3P4.C2",0.00745,0.01422
"358",NA,NA,NA
"359","S3P6.C2",0.00146,-0.00682
"360",NA,NA,NA
"361","S1P1.C1",0.02394,0.01469
"362",NA,NA,NA
"363","S1P3.C1",0.00981,0.03525
"364",NA,NA,NA
"365","S1P5.C1",0.017,-1.43986
"366",NA,NA,NA
"367","S2P1.C1",0.0052,0.01398
"368",NA,NA,NA
"369","S2P3.C1",0.01794,0.01573
"370",NA,NA,NA
"371","S2P7.C1",0.00619,0.0353
"372",NA,NA,NA
"373","S3P1.C1",0.00852,-0.00731
"374",NA,NA,NA
"375","S3P3.C1",0.00243,-0.00703
"376",NA,NA,NA
"377","S3P5.C1",-0.00816,0.03475
"378",NA,NA,NA
"379","S1P2.C2",-0.00145,-1.43969
"380",NA,NA,NA
"381","S1P4.C2",0.00902,0.0363
"382",NA,NA,NA
"383","S1P6.C2",0.00354,0.05686
"384",NA,NA,NA
"385","S2P8.C2",-0.00486,0.04244
"386",NA,NA,NA
"387","S2P4.C2",0.00382,0.03558
"388",NA,NA,NA
"389","S2P6.C2",0.00769,0.01428
"390",NA,NA,NA
"391","S3P2.C2",-0.0054,0.03495
"392",NA,NA,NA
"393","S3P4.C2",-0.00363,0.03561
"394",NA,NA,NA
"395","S3P6.C2",-0.00492,0.01455
"396",NA,NA,NA
"397","S1P1.C1",0.00419,0.0361
"398",NA,NA,NA
"399","S1P3.C1",0.01181,0.05667
"400",NA,NA,NA
"401","S1P5.C1",0.03036,-1.42565
"402",NA,NA,NA
"403","S2P1.C1",0.01074,0.03539
"404",NA,NA,NA
"405","S2P3.C1",0.00232,0.02591
"406",NA,NA,NA
"407","S2P7.C1",-0.00194,0.05667
"408",NA,NA,NA
"409","S3P1.C1",-0.01675,0.01405
"410",NA,NA,NA
"411","S3P3.C1",0.00855,0.01434
"412",NA,NA,NA
"413","S3P5.C1",0.00922,0.05618
"414",NA,NA,NA
"415","S1P2.C2",0.01496,-1.42546
"416",NA,NA,NA
"417","S1P4.C2",0.00151,0.0577
"418",NA,NA,NA
"419","S1P6.C2",0.00643,0.08181
"420",NA,NA,NA
"421","S2P8.C2",-0.00584,0.06381
"422",NA,NA,NA
"423","S2P4.C2",0.00309,0.05697
"424",NA,NA,NA
"425","S2P6.C2",0.00496,0.03568
"426",NA,NA,NA
"427","S3P2.C2",-0.00786,0.05638
"428",NA,NA,NA
"429","S3P4.C2",-0.01952,0.05701
"430",NA,NA,NA
"431","S3P6.C2",0.00991,0.03595
"432",NA,NA,NA
"433","S1P1.C1",-0.0086,0.0575
"434",NA,NA,NA
"435","S1P3.C1",0.00747,0.08161
"436",NA,NA,NA
"437","S1P5.C1",0.02368,-1.40788
"438",NA,NA,NA
"439","S2P1.C1",0.00312,0.05678
"440",NA,NA,NA
"441","S2P3.C1",0.01014,0.0473
"442",NA,NA,NA
"443","S2P7.C1",-0.01321,0.0816
"444",NA,NA,NA
"445","S3P1.C1",0.02388,0.03544
"446",NA,NA,NA
"447","S3P3.C1",0.00326,0.03574
"448",NA,NA,NA
"449","S3P5.C1",0.00479,0.07759
"450",NA,NA,NA
"451","S1P2.C2",-0.01641,-1.40769
"452",NA,NA,NA
"453","S1P4.C2",0.011,0.08265
"454",NA,NA,NA
"455","S1P6.C2",-0.00679,0.10321
"456",NA,NA,NA
"457","S2P8.C2",-0.00636,0.08874
"458",NA,NA,NA
"459","S2P4.C2",0.00102,0.0819
"460",NA,NA,NA
"461","S2P6.C2",-0.00648,0.05706
"462",NA,NA,NA
"463","S3P2.C2",-0.00416,0.0778
"464",NA,NA,NA
"465","S3P4.C2",-0.00808,0.08193
"466",NA,NA,NA
"467","S3P6.C2",-0.00866,0.06083
"468",NA,NA,NA
"469","S1P1.C1",0.00523,0.08245
"470",NA,NA,NA
"471","S1P3.C1",0.00878,0.10301
"472",NA,NA,NA
"473","S1P5.C1",0.01562,-1.39363
"474",NA,NA,NA
"475","S2P1.C1",0.00573,0.08171
"476",NA,NA,NA
"477","S2P3.C1",0.00341,0.06868
"478",NA,NA,NA
"479","S2P7.C1",0.00355,0.10296
"480",NA,NA,NA
"481","S3P1.C1",0.000851,0.05684
"482",NA,NA,NA
"483","S3P3.C1",0.01166,0.06062
"484",NA,NA,NA
"485","S3P5.C1",0.00766,0.10253
"486",NA,NA,NA
"487","S1P2.C2",0.00814,-1.39345
"488",NA,NA,NA
"489","S1P4.C2",0.00859,0.10404
"490",NA,NA,NA
"491","S1P6.C2",-0.00434,0.12461
"492",NA,NA,NA
"493","S2P8.C2",0.01007,0.1101
"494",NA,NA,NA
"495","S2P4.C2",0.00716,0.1033
"496",NA,NA,NA
"497","S2P6.C2",0.00802,0.07846
"498",NA,NA,NA
"499","S3P2.C2",0.0127,0.10272
"500",NA,NA,NA
"501","S3P4.C2",0.000307,0.10334
"502",NA,NA,NA
"503","S3P6.C2",0.00996,0.08222
"504",NA,NA,NA
"505","S1P1.C1",-0.00742,0.10384
"506",NA,NA,NA
"507","S1P3.C1",0.00407,0.12441
"508",NA,NA,NA
"509","S1P5.C1",0.02062,-1.37941
"510",NA,NA,NA
"511","S2P1.C1",0.01024,0.10311
"512",NA,NA,NA
"513","S2P3.C1",0.00341,0.09008
"514",NA,NA,NA
"515","S2P7.C1",-0.00134,0.1244
"516",NA,NA,NA
"517","S3P1.C1",0.0051,0.08177
"518",NA,NA,NA
"519","S3P3.C1",0.01409,0.08201
"520",NA,NA,NA
"521","S3P5.C1",0.00671,0.12394
"522",NA,NA,NA
"523","S1P2.C2",-0.00522,-1.37922
"524",NA,NA,NA
"525","S1P4.C2",0.00587,0.12547
"526",NA,NA,NA
"527","S1P6.C2",0.00421,0.14601
"528",NA,NA,NA
"529","S2P8.C2",0.00621,0.13154
"530",NA,NA,NA
"531","S2P4.C2",-0.0023,0.12471
"532",NA,NA,NA
"533","S2P6.C2",0.00424,0.10339
"534",NA,NA,NA
"535","S3P2.C2",0.0029,0.12414
"536",NA,NA,NA
"537","S3P4.C2",-0.00716,0.12472
"538",NA,NA,NA
"539","S3P6.C2",0.01249,0.1036
"540",NA,NA,NA
"541","S1P1.C1",-0.00167,0.12527
"542",NA,NA,NA
"543","S1P3.C1",-0.0109,0.14581
"544",NA,NA,NA
"545","S1P5.C1",-0.00402,-1.36516
"546",NA,NA,NA
"547","S2P1.C1",-0.00977,0.12453
"548",NA,NA,NA
"549","S2P3.C1",0.01824,0.11501
"550",NA,NA,NA
"551","S2P7.C1",0.000583,0.14576
"552",NA,NA,NA
"553","S3P1.C1",0.00606,0.10317
"554",NA,NA,NA
"555","S3P3.C1",0.00488,0.10339
"556",NA,NA,NA
"557","S3P5.C1",-0.01694,0.14536
"558",NA,NA,NA
"559","S1P2.C2",0.00424,-1.36498
"560",NA,NA,NA
"561","S1P4.C2",-0.00792,0.14685
"562",NA,NA,NA
"563","S1P6.C2",0.00165,0.17093
"564",NA,NA,NA
"565","S2P8.C2",0.01143,0.15291
"566",NA,NA,NA
"567","S2P4.C2",0.00457,0.14608
"568",NA,NA,NA
"569","S2P6.C2",0.00703,0.12477
"570",NA,NA,NA
"571","S3P2.C2",-2.91e-05,0.14557
"572",NA,NA,NA
"573","S3P4.C2",0.01661,0.14611
"574",NA,NA,NA
"575","S3P6.C2",0.00486,0.12501
"576",NA,NA,NA
"577","S1P1.C1",0.01814,0.14666
"578",NA,NA,NA
"579","S1P3.C1",-0.00919,0.17073
"580",NA,NA,NA
"581","S1P5.C1",0.00154,-1.35091
"582",NA,NA,NA
"583","S2P1.C1",-0.0038,0.1459
"584",NA,NA,NA
"585","S2P3.C1",-0.01345,0.13639
"586",NA,NA,NA
"587","S2P7.C1",0.00249,0.17072
"588",NA,NA,NA
"589","S3P1.C1",0.01321,0.12455
"590",NA,NA,NA
"591","S3P3.C1",0.00338,0.1248
"592",NA,NA,NA
"593","S3P5.C1",0.00214,0.16678
"594",NA,NA,NA
"595","S1P2.C2",0.0022,-1.35072
"596",NA,NA,NA
"597","S1P4.C2",0.00867,0.17178
"598",NA,NA,NA
"599","S1P6.C2",0.01909,0.19233
"600",NA,NA,NA
"601","S2P8.C2",0.01174,0.17786
"602",NA,NA,NA
"603","S2P4.C2",-0.00588,0.171
"604",NA,NA,NA
"605","S2P6.C2",-0.0051,0.14615
"606",NA,NA,NA
"607","S3P2.C2",0.00222,0.16698
"608",NA,NA,NA
"609","S3P4.C2",0.01374,0.17102
"610",NA,NA,NA
"611","S3P6.C2",0.00566,0.14993
"612",NA,NA,NA
"613","S1P1.C1",0.01324,0.17159
"614",NA,NA,NA
"615","S1P3.C1",0.00484,0.19213
"616",NA,NA,NA
"617","S1P5.C1",0.000581,-1.33666
"618",NA,NA,NA
"619","S2P1.C1",-0.00681,0.17081
"620",NA,NA,NA
"621","S2P3.C1",-0.00928,0.15777
"622",NA,NA,NA
"623","S2P7.C1",-0.00494,0.19207
"624",NA,NA,NA
"625","S3P1.C1",0.00317,0.14594
"626",NA,NA,NA
"627","S3P3.C1",0.01254,0.14972
"628",NA,NA,NA
"629","S3P5.C1",-0.01417,0.19174
"630",NA,NA,NA
"631","S1P2.C2",-0.03979,-1.33646
"632",NA,NA,NA
"633","S1P4.C2",0.000938,0.19318
"634",NA,NA,NA
"635","S1P6.C2",0.00315,0.21373
"636",NA,NA,NA
"637","S2P8.C2",-0.00732,0.19921
"638",NA,NA,NA
"639","S2P4.C2",-0.00698,0.19236
"640",NA,NA,NA
"641","S2P6.C2",0.00288,0.16755
"642",NA,NA,NA
"643","S3P2.C2",0.00165,0.19192
"644",NA,NA,NA
"645","S3P4.C2",0.00929,0.19242
"646",NA,NA,NA
"647","S3P6.C2",0.00907,0.17134
"648",NA,NA,NA
"649","S1P1.C1",0.000317,0.193
"650",NA,NA,NA
"651","S1P3.C1",0.0023,0.21353
"652",NA,NA,NA
"653","S1P5.C1",-0.01656,-1.31887
"654",NA,NA,NA
"655","S2P1.C1",-0.0123,0.19218
"656",NA,NA,NA
"657","S2P3.C1",-0.00382,0.17917
"658",NA,NA,NA
"659","S2P7.C1",0.02931,0.21347
"660",NA,NA,NA
"661","S3P1.C1",0.000497,0.17086
"662",NA,NA,NA
"663","S3P3.C1",0.0056,0.17113
"664",NA,NA,NA
"665","S3P5.C1",0.000349,0.21314
"666",NA,NA,NA
"667","S1P2.C2",0.00247,-1.31868
"668",NA,NA,NA
"669","S1P4.C2",0.00843,0.21457
"670",NA,NA,NA
"671","S1P6.C2",-0.00944,0.23512
"672",NA,NA,NA
"673","S2P8.C2",0.00227,0.2206
"674",NA,NA,NA
"675","S2P4.C2",0.00229,0.21375
"676",NA,NA,NA
"677","S2P6.C2",-0.000804,0.19243
"678",NA,NA,NA
"679","S3P2.C2",-0.0227,0.2133
"680",NA,NA,NA
"681","S3P4.C2",0.01033,0.21381
"682",NA,NA,NA
"683","S3P6.C2",0.00473,0.19274
"684",NA,NA,NA
"685","S1P1.C1",-0.012,0.21438
"686",NA,NA,NA
"687","S1P3.C1",0.02084,0.23492
"688",NA,NA,NA
"689","S1P5.C1",0.00725,-1.30458
"690",NA,NA,NA
"691","S2P1.C1",-0.00835,0.21356
"692",NA,NA,NA
"693","S2P3.C1",-0.01546,0.20405
"694",NA,NA,NA
"695","S2P7.C1",0.00192,0.23481
"696",NA,NA,NA
"697","S3P1.C1",0.00691,0.19225
"698",NA,NA,NA
"699","S3P3.C1",0.01381,0.19253
"700",NA,NA,NA
"701","S3P5.C1",-0.0207,0.23451
"702",NA,NA,NA
"703","S1P2.C2",-0.00394,-1.30439
"704",NA,NA,NA
"705","S1P4.C2",-0.00828,0.23598
"706",NA,NA,NA
"707","S1P6.C2",0.01845,0.26002
"708",NA,NA,NA
"709","S2P8.C2",-0.00549,0.24196
"710",NA,NA,NA
"711","S2P4.C2",-0.00258,0.23514
"712",NA,NA,NA
"713","S2P6.C2",-0.000859,0.21383
"714",NA,NA,NA
"715","S3P2.C2",0.00885,0.23471
"716",NA,NA,NA
"717","S3P4.C2",0.00127,0.23521
"718",NA,NA,NA
"719","S3P6.C2",-0.0021,0.21414
"720",NA,NA,NA
"721","S1P1.C1",0.00903,0.23578
"722",NA,NA,NA
"723","S1P3.C1",-0.00549,0.25983
"724",NA,NA,NA
"725","S1P5.C1",-0.00771,-1.2903
"726",NA,NA,NA
"727","S2P1.C1",-0.01717,0.23495
"728",NA,NA,NA
"729","S2P3.C1",0.01169,0.22545
"730",NA,NA,NA
"731","S2P7.C1",-0.00687,0.25977
"732",NA,NA,NA
"733","S3P1.C1",1.13e-05,0.21363
"734",NA,NA,NA
"735","S3P3.C1",0.00872,0.21394
"736",NA,NA,NA
"737","S3P5.C1",-0.01282,0.2559
"738",NA,NA,NA
"739","S1P2.C2",0.00552,-1.29012
"740",NA,NA,NA
"741","S1P4.C2",-0.00174,0.26093
"742",NA,NA,NA
"743","S1P6.C2",0.01048,0.28142
"744",NA,NA,NA
"745","S2P8.C2",-0.00221,0.26691
"746",NA,NA,NA
"747","S2P4.C2",0.00904,0.26007
"748",NA,NA,NA
"749","S2P6.C2",0.00197,0.2352
"750",NA,NA,NA
"751","S3P2.C2",0.00871,0.2561
"752",NA,NA,NA
"753","S3P4.C2",-0.00157,0.26014
"754",NA,NA,NA
"755","S3P6.C2",0.01212,0.23906
"756",NA,NA,NA
"757","S1P1.C1",0.002,0.26072
"758",NA,NA,NA
"759","S1P3.C1",-0.00193,0.28123
"760",NA,NA,NA
"761","S1P5.C1",0.0251,-1.27603
"762",NA,NA,NA
"763","S2P1.C1",-0.0024,0.25988
"764",NA,NA,NA
"765","S2P3.C1",0.01056,0.24683
"766",NA,NA,NA
"767","S2P7.C1",0.01216,0.28113
"768",NA,NA,NA
"769","S3P1.C1",0.01401,0.23503
"770",NA,NA,NA
"771","S3P3.C1",0.01197,0.23885
"772",NA,NA,NA
"773","S3P5.C1",-0.00128,0.28087
"774",NA,NA,NA
"775","S1P2.C2",0.000607,-1.27587
"776",NA,NA,NA
"777","S1P4.C2",-0.00327,0.29495
"778",NA,NA,NA
"779","S1P6.C2",-0.00636,0.30277
"780",NA,NA,NA
"781","S2P8.C2",0.000368,0.28828
"782",NA,NA,NA
"783","S2P4.C2",0.00355,0.28146
"784",NA,NA,NA
"785","S2P6.C2",0.01004,0.2566
"786",NA,NA,NA
"787","S3P2.C2",0.00574,0.28106
"788",NA,NA,NA
"789","S3P4.C2",0.00861,0.28153
"790",NA,NA,NA
"791","S3P6.C2",-0.00148,0.34396
"792",NA,NA,NA
"793","S1P1.C1",-0.000397,0.28212
"794",NA,NA,NA
"795","S1P3.C1",-0.00587,0.3026
"796",NA,NA,NA
"797","S1P5.C1",0.000651,-1.26178
"798",NA,NA,NA
"799","S2P1.C1",0.00786,0.28127
"800",NA,NA,NA
"801","S2P3.C1",0.01043,0.26822
"802",NA,NA,NA
"803","S2P7.C1",0.0074,0.30252
"804",NA,NA,NA
"805","S3P1.C1",-0.00203,0.25998
"806",NA,NA,NA
"807","S3P3.C1",-0.00165,0.26025
"808",NA,NA,NA
"809","S3P5.C1",0.0092,0.30227
"810",NA,NA,NA
"811","S1P2.C2",0.00509,-1.26161
"812",NA,NA,NA
"813","S1P4.C2",0.00659,0.33061
"814",NA,NA,NA
"815","S1P6.C2",0.00629,0.32416
"816",NA,NA,NA
"817","S2P8.C2",0.0149,0.30966
"818",NA,NA,NA
"819","S2P4.C2",0.00928,0.30286
"820",NA,NA,NA
"821","S2P6.C2",0.0031,0.28152
"822",NA,NA,NA
"823","S3P2.C2",0.00058,0.30247
"824",NA,NA,NA
"825","S3P4.C2",-0.00891,0.30292
"826",NA,NA,NA
"827","S3P6.C2",-0.00317,0.37954
"828",NA,NA,NA
"829","S1P1.C1",0.01185,0.29477
"830",NA,NA,NA
"831","S1P3.C1",-0.00301,0.32397
"832",NA,NA,NA
"833","S1P5.C1",0.01013,-1.24755
"834",NA,NA,NA
"835","S2P1.C1",0.00148,0.30267
"836",NA,NA,NA
"837","S2P3.C1",0.0111,0.29314
"838",NA,NA,NA
"839","S2P7.C1",0.00463,0.32389
"840",NA,NA,NA
"841","S3P1.C1",0.00325,0.28135
"842",NA,NA,NA
"843","S3P3.C1",-0.00247,0.34375
"844",NA,NA,NA
"845","S3P5.C1",0.000274,0.32558
"846",NA,NA,NA
"847","S1P2.C2",0.00237,-1.24737
"848",NA,NA,NA
"849","S1P4.C2",-0.00178,0.34993
"850",NA,NA,NA
"851","S1P6.C2",0.00277,0.34215
"852",NA,NA,NA
"853","S2P8.C2",0.0047,0.33103
"854",NA,NA,NA
"855","S2P4.C2",0.00327,0.32426
"856",NA,NA,NA
"857","S2P6.C2",0.00253,0.30757
"858",NA,NA,NA
"859","S3P2.C2",0.00488,0.32579
"860",NA,NA,NA
"861","S3P4.C2",-0.00109,0.32431
"862",NA,NA,NA
"863","S3P6.C2",0.01314,0.41865
"864",NA,NA,NA
"865","S1P1.C1",0.000101,0.33043
"866",NA,NA,NA
"867","S1P3.C1",0.02111,0.34196
"868",NA,NA,NA
"869","S1P5.C1",-0.00282,-1.22977
"870",NA,NA,NA
"871","S2P1.C1",0.00117,0.32407
"872",NA,NA,NA
"873","S2P3.C1",-0.00156,0.3192
"874",NA,NA,NA
"875","S2P7.C1",-0.01177,0.3488
"876",NA,NA,NA
"877","S3P1.C1",-0.00174,0.30275
"878",NA,NA,NA
"879","S3P3.C1",0.01797,0.37933
"880",NA,NA,NA
"881","S3P5.C1",-0.000684,0.36125
"882",NA,NA,NA
"883","S1P2.C2",0.00251,-1.22959
"884",NA,NA,NA
"885","S1P4.C2",0.00625,0.38561
"886",NA,NA,NA
"887","S1P6.C2",-0.00048,0.37781
"888",NA,NA,NA
"889","S2P8.C2",0.00417,0.35594
"890",NA,NA,NA
"891","S2P4.C2",-0.00523,0.34347
"892",NA,NA,NA
"893","S2P6.C2",0.0168,0.34316
"894",NA,NA,NA
"895","S3P2.C2",-0.00719,0.36145
"896",NA,NA,NA
"897","S3P4.C2",0.01112,0.34922
"898",NA,NA,NA
"899","S3P6.C2",0.00923,0.45426
"900",NA,NA,NA
"901","S1P1.C1",0.01393,0.34973
"902",NA,NA,NA
"903","S1P3.C1",0.00959,0.37762
"904",NA,NA,NA
"905","S1P5.C1",-0.00124,-1.21551
"906",NA,NA,NA
"907","S2P1.C1",0.00318,0.34326
"908",NA,NA,NA
"909","S2P3.C1",0.01092,0.3548
"910",NA,NA,NA
"911","S2P7.C1",-0.00297,0.37016
"912",NA,NA,NA
"913","S3P1.C1",-0.00562,0.32414
"914",NA,NA,NA
"915","S3P3.C1",-0.000185,0.41844
"916",NA,NA,NA
"917","S3P5.C1",0.00156,0.40043
"918",NA,NA,NA
"919","S1P2.C2",-0.01145,-1.21531
"920",NA,NA,NA
"921","S1P4.C2",-0.00218,0.4248
"922",NA,NA,NA
"923","S1P6.C2",-0.00166,0.41703
"924",NA,NA,NA
"925","S2P8.C2",0.01085,0.37727
"926",NA,NA,NA
"927","S2P4.C2",0.01257,0.3791
"928",NA,NA,NA
"929","S2P6.C2",-0.00646,0.39405
"930",NA,NA,NA
"931","S3P2.C2",0.0023,0.4006
"932",NA,NA,NA
"933","S3P4.C2",0.0359,0.36887
"934",NA,NA,NA
"935","S3P6.C2",0.00524,0.49346
"936",NA,NA,NA
"937","S1P1.C1",0.00803,0.38542
"938",NA,NA,NA
"939","S1P3.C1",-0.00671,0.41683
"940",NA,NA,NA
"941","S1P5.C1",-0.0153,-1.20125
"942",NA,NA,NA
"943","S2P1.C1",0.0155,0.37892
"944",NA,NA,NA
"945","S2P3.C1",-0.00883,0.40569
"946",NA,NA,NA
"947","S2P7.C1",-0.00503,0.3915
"948",NA,NA,NA
"949","S3P1.C1",-0.00172,0.34906
"950",NA,NA,NA
"951","S3P3.C1",0.00779,0.45405
"952",NA,NA,NA
"953","S3P5.C1",0.01344,0.43609
"954",NA,NA,NA
"955","S1P2.C2",0.00712,-1.20104
"956",NA,NA,NA
"957","S1P4.C2",0.00208,0.46047
"958",NA,NA,NA
"959","S1P6.C2",0.00236,0.45263
"960",NA,NA,NA
"961","S2P8.C2",-0.00156,0.39861
"962",NA,NA,NA
"963","S2P4.C2",0.00243,0.41819
"964",NA,NA,NA
"965","S2P6.C2",-0.00896,0.42963
"966",NA,NA,NA
"967","S3P2.C2",-0.00112,0.4363
"968",NA,NA,NA
"969","S3P4.C2",-0.00127,0.40442
"970",NA,NA,NA
"971","S3P6.C2",0.00724,0.52911
"972",NA,NA,NA
"973","S1P1.C1",0.0142,0.42461
"974",NA,NA,NA
"975","S1P3.C1",0.00348,0.45247
"976",NA,NA,NA
"977","S1P5.C1",-0.00582,-1.18696
"978",NA,NA,NA
"979","S2P1.C1",0.000885,0.41803
"980",NA,NA,NA
"981","S2P3.C1",0.00516,0.44126
"982",NA,NA,NA
"983","S2P7.C1",0.00239,0.41285
"984",NA,NA,NA
"985","S3P1.C1",0.00327,0.36872
"986",NA,NA,NA
"987","S3P3.C1",-0.001,0.49325
"988",NA,NA,NA
"989","S3P5.C1",0.01356,0.47529
"990",NA,NA,NA
"991","S1P2.C2",-0.0225,-1.18678
"992",NA,NA,NA
"993","S1P4.C2",-0.00154,0.49965
"994",NA,NA,NA
"995","S1P6.C2",0.00958,0.49179
"996",NA,NA,NA
"997","S2P8.C2",0.00265,0.41995
"998",NA,NA,NA
"999","S2P4.C2",-0.00244,0.45376
"1000",NA,NA,NA
"1001","S2P6.C2",-0.00582,0.48088
"1002",NA,NA,NA
"1003","S3P2.C2",0.00128,0.47547
"1004",NA,NA,NA
"1005","S3P4.C2",0.00421,0.44353
"1006",NA,NA,NA
"1007","S3P6.C2",0.01405,0.56826
"1008",NA,NA,NA
"1009","S1P1.C1",-0.00864,0.46028
"1010",NA,NA,NA
"1011","S1P3.C1",0.01016,0.4916
"1012",NA,NA,NA
"1013","S1P5.C1",0.00932,-1.17272
"1014",NA,NA,NA
"1015","S2P1.C1",-0.00596,0.45358
"1016",NA,NA,NA
"1017","S2P3.C1",-0.00745,0.4925
"1018",NA,NA,NA
"1019","S2P7.C1",0.00903,0.43779
"1020",NA,NA,NA
"1021","S3P1.C1",0.000217,0.40426
"1022",NA,NA,NA
"1023","S3P3.C1",0.01106,0.5289
"1024",NA,NA,NA
"1025","S3P5.C1",0.0146,0.51091
"1026",NA,NA,NA
"1027","S1P2.C2",-0.004,-1.17252
"1028",NA,NA,NA
"1029","S1P4.C2",-0.01116,0.53531
"1030",NA,NA,NA
"1031","S1P6.C2",0.01929,0.52743
"1032",NA,NA,NA
"1033","S2P8.C2",-0.00325,0.44492
"1034",NA,NA,NA
"1035","S2P4.C2",0.01029,0.49292
"1036",NA,NA,NA
"1037","S2P6.C2",-0.00323,0.51648
"1038",NA,NA,NA
"1039","S3P2.C2",-0.01055,0.5111
"1040",NA,NA,NA
"1041","S3P4.C2",0.0065,0.47916
"1042",NA,NA,NA
"1043","S3P6.C2",0.000103,0.6039
"1044",NA,NA,NA
"1045","S1P1.C1",-0.00938,0.49946
"1046",NA,NA,NA
"1047","S1P3.C1",-0.00391,0.52723
"1048",NA,NA,NA
"1049","S1P5.C1",-0.01275,-1.15844
"1050",NA,NA,NA
"1051","S2P1.C1",0.01555,0.49273
"1052",NA,NA,NA
"1053","S2P3.C1",-0.00595,0.52811
"1054",NA,NA,NA
"1055","S2P7.C1",-0.000424,0.45918
"1056",NA,NA,NA
"1057","S3P1.C1",-0.01854,0.44337
"1058",NA,NA,NA
"1059","S3P3.C1",-0.01694,0.56806
"1060",NA,NA,NA
"1061","S3P5.C1",0.01188,0.5501
"1062",NA,NA,NA
"1063","S1P2.C2",-0.00414,-1.15825
"1064",NA,NA,NA
"1065","S1P4.C2",-0.00127,0.57449
"1066",NA,NA,NA
"1067","S1P6.C2",-0.00388,0.56659
"1068",NA,NA,NA
"1069","S2P8.C2",-0.01138,0.46632
"1070",NA,NA,NA
"1071","S2P4.C2",-0.00285,0.52856
"1072",NA,NA,NA
"1073","S2P6.C2",0.00602,0.56767
"1074",NA,NA,NA
"1075","S3P2.C2",0.00883,0.55029
"1076",NA,NA,NA
"1077","S3P4.C2",0.0054,0.51837
"1078",NA,NA,NA
"1079","S3P6.C2",-0.00472,0.643
"1080",NA,NA,NA
"1081","S1P1.C1",-0.00314,0.53512
"1082",NA,NA,NA
"1083","S1P3.C1",0.00771,0.5664
"1084",NA,NA,NA
"1085","S1P5.C1",-0.0109,-1.14065
"1086",NA,NA,NA
"1087","S2P1.C1",-0.00756,0.52838
"1088",NA,NA,NA
"1089","S2P3.C1",-0.00307,0.57931
"1090",NA,NA,NA
"1091","S2P7.C1",-0.00435,0.48056
"1092",NA,NA,NA
"1093","S3P1.C1",0.00329,0.47899
"1094",NA,NA,NA
"1095","S3P3.C1",0.01034,0.60369
"1096",NA,NA,NA
"1097","S3P5.C1",0.0106,0.58575
"1098",NA,NA,NA
"1099","S1P2.C2",0.00334,-1.14046
"1100",NA,NA,NA
"1101","S1P4.C2",0.01867,0.61014
"1102",NA,NA,NA
"1103","S1P6.C2",-0.00593,0.60221
"1104",NA,NA,NA
"1105","S2P8.C2",0.01701,0.4877
"1106",NA,NA,NA
"1107","S2P4.C2",-0.00579,0.56771
"1108",NA,NA,NA
"1109","S2P6.C2",-0.00529,0.60326
"1110",NA,NA,NA
"1111","S3P2.C2",-8.85e-05,0.58594
"1112",NA,NA,NA
"1113","S3P4.C2",0.000792,0.55405
"1114",NA,NA,NA
"1115","S3P6.C2",-0.01504,0.67859
"1116",NA,NA,NA
"1117","S1P1.C1",0.00417,0.57429
"1118",NA,NA,NA
"1119","S1P3.C1",-0.00159,0.60204
"1120",NA,NA,NA
"1121","S1P5.C1",0.00145,-1.12638
"1122",NA,NA,NA
"1123","S2P1.C1",-0.00245,0.56753
"1124",NA,NA,NA
"1125","S2P3.C1",0.00178,0.6149
"1126",NA,NA,NA
"1127","S2P7.C1",0.000924,0.50192
"1128",NA,NA,NA
"1129","S3P1.C1",0.01355,0.51819
"1130",NA,NA,NA
"1131","S3P3.C1",0.00852,0.64279
"1132",NA,NA,NA
"1133","S3P5.C1",-0.00812,0.62495
"1134",NA,NA,NA
"1135","S1P2.C2",0.01295,-1.12619
"1136",NA,NA,NA
"1137","S1P4.C2",0.01166,0.64929
"1138",NA,NA,NA
"1139","S1P6.C2",-6.46e-05,0.64137
"1140",NA,NA,NA
"1141","S2P8.C2",0.01192,0.50906
"1142",NA,NA,NA
"1143","S2P4.C2",-0.00474,0.60334
"1144",NA,NA,NA
"1145","S2P6.C2",-0.0063,0.6545
"1146",NA,NA,NA
"1147","S3P2.C2",0.00424,0.62514
"1148",NA,NA,NA
"1149","S3P4.C2",-0.00293,0.59331
"1150",NA,NA,NA
"1151","S3P6.C2",0.00532,0.71773
"1152",NA,NA,NA
"1153","S1P1.C1",-0.00232,0.60994
"1154",NA,NA,NA
"1155","S1P3.C1",-0.000278,0.64118
"1156",NA,NA,NA
"1157","S1P5.C1",-0.01334,-1.11214
"1158",NA,NA,NA
"1159","S2P1.C1",0.01415,0.60317
"1160",NA,NA,NA
"1161","S2P3.C1",-0.00147,0.66611
"1162",NA,NA,NA
"1163","S2P7.C1",-0.0028,0.52686
"1164",NA,NA,NA
"1165","S3P1.C1",0.00154,0.55388
"1166",NA,NA,NA
"1167","S3P3.C1",-0.00137,0.67838
"1168",NA,NA,NA
"1169","S3P5.C1",-0.0059,0.66054
"1170",NA,NA,NA
"1171","S1P2.C2",0.0068,-1.11194
"1172",NA,NA,NA
"1173","S1P4.C2",-0.00927,0.68497
"1174",NA,NA,NA
"1175","S1P6.C2",0.0024,0.67696
"1176",NA,NA,NA
"1177","S2P8.C2",0.01616,0.534
"1178",NA,NA,NA
"1179","S2P4.C2",-0.01413,0.6425
"1180",NA,NA,NA
"1181","S2P6.C2",-0.00169,0.69012
"1182",NA,NA,NA
"1183","S3P2.C2",-0.00976,0.66074
"1184",NA,NA,NA
"1185","S3P4.C2",-0.01505,0.62891
"1186",NA,NA,NA
"1187","S3P6.C2",-0.00313,0.75333
"1188",NA,NA,NA
"1189","S1P1.C1",-0.00905,0.6491
"1190",NA,NA,NA
"1191","S1P3.C1",0.00163,0.67679
"1192",NA,NA,NA
"1193","S1P5.C1",-0.00369,-1.09789
"1194",NA,NA,NA
"1195","S2P1.C1",0.00483,0.64233
"1196",NA,NA,NA
"1197","S2P3.C1",0.01802,0.70174
"1198",NA,NA,NA
"1199","S2P7.C1",-0.01243,0.54823
"1200",NA,NA,NA
"1201","S3P1.C1",0.01708,0.59311
"1202",NA,NA,NA
"1203","S3P3.C1",0.00547,0.71752
"1204",NA,NA,NA
"1205","S3P5.C1",0.00718,0.69971
"1206",NA,NA,NA
"1207","S1P2.C2",-0.00745,-1.0977
"1208",NA,NA,NA
"1209","S1P4.C2",0.0117,0.72416
"1210",NA,NA,NA
"1211","S1P6.C2",-0.00431,0.71612
"1212",NA,NA,NA
"1213","S2P8.C2",0.00994,0.55537
"1214",NA,NA,NA
"1215","S2P4.C2",0.0016,0.67815
"1216",NA,NA,NA
"1217","S2P6.C2",0.00265,0.7413
"1218",NA,NA,NA
"1219","S3P2.C2",-0.00159,0.69988
"1220",NA,NA,NA
"1221","S3P4.C2",0.004,0.66813
"1222",NA,NA,NA
"1223","S3P6.C2",0.00207,0.7925
"1224",NA,NA,NA
"1225","S1P1.C1",-0.00042,0.68477
"1226",NA,NA,NA
"1227","S1P3.C1",0.00567,0.71596
"1228",NA,NA,NA
"1229","S1P5.C1",-0.0115,-1.08365
"1230",NA,NA,NA
"1231","S2P1.C1",0.0167,0.67797
"1232",NA,NA,NA
"1233","S2P3.C1",-0.0152,0.75292
"1234",NA,NA,NA
"1235","S2P7.C1",0.01151,0.56962
"1236",NA,NA,NA
"1237","S3P1.C1",-0.00931,0.62876
"1238",NA,NA,NA
"1239","S3P3.C1",0.00653,0.75313
"1240",NA,NA,NA
"1241","S3P5.C1",0.00455,0.73531
"1242",NA,NA,NA
"1243","S1P2.C2",-0.00743,-1.08346
"1244",NA,NA,NA
"1245","S1P4.C2",-0.0152,0.75979
"1246",NA,NA,NA
"1247","S1P6.C2",0.02723,0.75174
"1248",NA,NA,NA
"1249","S2P8.C2",-0.00753,0.57676
"1250",NA,NA,NA
"1251","S2P4.C2",-0.00775,0.7173
"1252",NA,NA,NA
"1253","S2P6.C2",-0.01406,0.77691
"1254",NA,NA,NA
"1255","S3P2.C2",-0.01052,0.7355
"1256",NA,NA,NA
"1257","S3P4.C2",-0.00218,0.70377
"1258",NA,NA,NA
"1259","S3P6.C2",-0.00538,0.82811
"1260",NA,NA,NA
"1261","S1P1.C1",-0.00422,0.72396
"1262",NA,NA,NA
"1263","S1P3.C1",0.00881,0.75157
"1264",NA,NA,NA
"1265","S1P5.C1",0.0129,-1.06941
"1266",NA,NA,NA
"1267","S2P1.C1",0.01316,0.71714
"1268",NA,NA,NA
"1269","S2P3.C1",0.011,0.78853
"1270",NA,NA,NA
"1271","S2P7.C1",0.00268,0.59098
"1272",NA,NA,NA
"1273","S3P1.C1",-0.0099,0.66795
"1274",NA,NA,NA
"1275","S3P3.C1",-0.00757,0.79229
"1276",NA,NA,NA
"1277","S3P5.C1",-0.000529,0.77448
"1278",NA,NA,NA
"1279","S1P2.C2",0.00669,-1.0692
"1280",NA,NA,NA
"1281","S1P4.C2",-0.00736,0.79897
"1282",NA,NA,NA
"1283","S1P6.C2",0.00349,0.79089
"1284",NA,NA,NA
"1285","S2P8.C2",-0.00235,0.59809
"1286",NA,NA,NA
"1287","S2P4.C2",-0.000382,0.75297
"1288",NA,NA,NA
"1289","S2P6.C2",-0.01043,0.8281
"1290",NA,NA,NA
"1291","S3P2.C2",-0.000113,0.77468
"1292",NA,NA,NA
"1293","S3P4.C2",0.00827,0.74299
"1294",NA,NA,NA
"1295","S3P6.C2",0.0103,0.86721
"1296",NA,NA,NA
"1297","S1P1.C1",0.00137,0.75959
"1298",NA,NA,NA
"1299","S1P3.C1",-0.0072,0.79073
"1300",NA,NA,NA
"1301","S1P5.C1",0.00707,-1.05161
"1302",NA,NA,NA
"1303","S2P1.C1",0.00872,0.75279
"1304",NA,NA,NA
"1305","S2P3.C1",0.01049,0.83972
"1306",NA,NA,NA
"1307","S2P7.C1",-0.00129,0.61587
"1308",NA,NA,NA
"1309","S3P1.C1",-0.00958,0.7036
"1310",NA,NA,NA
"1311","S3P3.C1",-0.00688,0.82791
"1312",NA,NA,NA
"1313","S3P5.C1",-0.01278,0.81014
"1314",NA,NA,NA
"1315","S1P2.C2",-0.01203,-1.05141
"1316",NA,NA,NA
"1317","S1P4.C2",-0.00417,0.83462
"1318",NA,NA,NA
"1319","S1P6.C2",0.00167,0.82649
"1320",NA,NA,NA
"1321","S2P8.C2",0.00748,0.62299
"1322",NA,NA,NA
"1323","S2P4.C2",-0.00929,0.79212
"1324",NA,NA,NA
"1325","S2P6.C2",0.01577,0.86568
"1326",NA,NA,NA
"1327","S3P2.C2",0.0154,0.81032
"1328",NA,NA,NA
"1329","S3P4.C2",-0.000233,0.77863
"1330",NA,NA,NA
"1331","S3P6.C2",-0.00668,0.90284
"1332",NA,NA,NA
"1333","S1P1.C1",-0.00168,0.79877
"1334",NA,NA,NA
"1335","S1P3.C1",-0.00512,0.82633
"1336",NA,NA,NA
"1337","S1P5.C1",0.0072,-1.03736
"1338",NA,NA,NA
"1339","S2P1.C1",0.00631,0.79194
"1340",NA,NA,NA
"1341","S2P3.C1",-0.00924,0.8773
"1342",NA,NA,NA
"1343",NA,NA,NA
"1344","S3P1.C1",0.00691,0.74282
"1345",NA,NA,NA
"1346","S3P3.C1",-0.000932,0.867
"1347",NA,NA,NA
"1348","S3P5.C1",-0.0234,0.84935
"1349",NA,NA,NA
"1350","S1P2.C2",0.01196,-1.03716
"1351",NA,NA,NA
"1352","S1P4.C2",0.01475,0.87376
"1353",NA,NA,NA
"1354","S1P6.C2",-0.01066,0.86565
"1355",NA,NA,NA
"1356","S2P8.C2",0.00873,0.64431
"1357",NA,NA,NA
"1358","S2P4.C2",-0.000682,0.82779
"1359",NA,NA,NA
"1360","S2P6.C2",0.01202,0.91491
"1361",NA,NA,NA
"1362","S3P2.C2",-0.0137,0.84953
"1363",NA,NA,NA
"1364","S3P4.C2",0.00749,0.81784
"1365",NA,NA,NA
"1366","S3P6.C2",0.00538,0.94201
"1367",NA,NA,NA
"1368","S1P1.C1",-0.000233,0.83443
"1369",NA,NA,NA
"1370","S1P3.C1",-0.00656,0.86547
"1371",NA,NA,NA
"1372","S1P5.C1",-0.00398,-1.02311
"1373",NA,NA,NA
"1374","S2P1.C1",-0.00946,0.8276
"1375",NA,NA,NA
"1376","S2P3.C1",-0.00684,0.92653
"1377",NA,NA,NA
"1378","S2P7.C1",-0.01035,0.65855
"1379",NA,NA,NA
"1380","S3P1.C1",0.0087,0.77847
"1381",NA,NA,NA
"1382","S3P3.C1",0.00341,0.90263
"1383",NA,NA,NA
"1384","S3P5.C1",0.000929,0.88497
"1385",NA,NA,NA
"1386","S1P2.C2",-0.0014,-1.02291
"1387",NA,NA,NA
"1388","S1P4.C2",0.000694,0.90942
"1389",NA,NA,NA
"1390","S1P6.C2",0.01228,0.90126
"1391",NA,NA,NA
"1392","S2P8.C2",-0.00688,0.66568
"1393",NA,NA,NA
"1394","S2P4.C2",0.00263,0.86696
"1395",NA,NA,NA
"1396","S2P6.C2",-0.00843,0.95056
"1397",NA,NA,NA
"1398","S3P2.C2",-0.01332,0.88516
"1399",NA,NA,NA
"1400","S3P4.C2",0.00101,0.85351
"1401",NA,NA,NA
"1402","S3P6.C2",-0.000952,1.00041
"1403",NA,NA,NA
"1404","S1P1.C1",-0.0072,0.87356
"1405",NA,NA,NA
"1406","S1P3.C1",-0.01155,0.90111
"1407",NA,NA,NA
"1408","S1P5.C1",-0.0026,-1.00883
"1409",NA,NA,NA
"1410","S2P1.C1",-0.00251,0.86679
"1411",NA,NA,NA
"1412","S2P3.C1",0.00364,0.96218
"1413",NA,NA,NA
"1414","S2P7.C1",-0.000261,0.67991
"1415",NA,NA,NA
"1416","S3P1.C1",-0.00151,0.81766
"1417",NA,NA,NA
"1418","S3P3.C1",-0.00303,0.94181
"1419",NA,NA,NA
"1420","S3P5.C1",0.00525,0.9242
"1421",NA,NA,NA
"1422","S1P2.C2",-0.0032,-0.99909
"1423",NA,NA,NA
"1424","S1P4.C2",0.00468,0.94854
"1425",NA,NA,NA
"1426","S1P6.C2",-0.01536,0.94044
"1427",NA,NA,NA
"1428","S2P8.C2",0.00363,0.68704
"1429",NA,NA,NA
"1430","S2P4.C2",-0.00231,0.90262
"1431",NA,NA,NA
"1432","S2P6.C2",0.00565,1.00938
"1433",NA,NA,NA
"1434","S3P2.C2",0.00339,0.9244
"1435",NA,NA,NA
"1436","S3P4.C2",0.01713,0.8927
"1437",NA,NA,NA
"1438","S3P6.C2",0.00247,1.04316
"1439",NA,NA,NA
"1440","S1P1.C1",0.00295,0.90922
"1441",NA,NA,NA
"1442","S1P3.C1",-0.00564,0.94025
"1443",NA,NA,NA
"1444","S1P5.C1",-0.03585,-0.99928
"1445",NA,NA,NA
"1446","S2P1.C1",0.01045,0.90243
"1447",NA,NA,NA
"1448","S2P3.C1",-0.02264,1.00672
"1449",NA,NA,NA
"1450","S2P7.C1",0.00297,0.70483
"1451",NA,NA,NA
"1452","S3P1.C1",0.01311,0.85333
"1453",NA,NA,NA
"1454","S3P3.C1",-0.00255,0.98595
"1455",NA,NA,NA
"1456","S3P5.C1",0.00837,0.95986
"1457",NA,NA,NA
"1458","S1P2.C2",-0.01184,-0.98481
"1459",NA,NA,NA
"1460","S1P4.C2",0.00518,1.02135
"1461",NA,NA,NA
"1462","S1P6.C2",-0.00606,1.02112
"1463",NA,NA,NA
"1464","S2P8.C2",-0.01299,0.71196
"1465",NA,NA,NA
"1466","S2P4.C2",-0.00218,0.94181
"1467",NA,NA,NA
"1468","S2P6.C2",-0.00149,1.0522
"1469",NA,NA,NA
"1470","S3P2.C2",-0.00699,0.96006
"1471",NA,NA,NA
"1472","S3P4.C2",-0.01568,0.92836
"1473",NA,NA,NA
"1474","S3P6.C2",-0.00827,1.08949
"1475",NA,NA,NA
"1476","S1P1.C1",0.000976,0.94838
"1477",NA,NA,NA
"1478","S1P3.C1",-0.00127,0.97589
"1479",NA,NA,NA
"1480","S1P5.C1",-0.00315,-0.98501
"1481",NA,NA,NA
"1482","S2P1.C1",-0.01202,0.94162
"1483",NA,NA,NA
"1484","S2P3.C1",0.016,1.04954
"1485",NA,NA,NA
"1486","S2P7.C1",-0.0029,0.72618
"1487",NA,NA,NA
"1488","S3P1.C1",0.00221,0.89252
"1489",NA,NA,NA
"1490","S3P3.C1",0.0224,1.0287
"1491",NA,NA,NA
"1492","S3P5.C1",0.00011,1.00684
"1493",NA,NA,NA
"1494","S1P2.C2",0.01317,-0.97057
"1495",NA,NA,NA
"1496","S1P4.C2",-0.00125,1.06413
"1497",NA,NA,NA
"1498","S1P6.C2",0.00498,1.06388
"1499",NA,NA,NA
"1500","S2P8.C2",0.000545,0.73332
"1501",NA,NA,NA
"1502","S2P4.C2",-0.00399,1.02203
"1503",NA,NA,NA
"1504","S2P6.C2",0.01535,1.09853
"1505",NA,NA,NA
"1506","S3P2.C2",-0.00292,1.02131
"1507",NA,NA,NA
"1508","S3P4.C2",0.00699,1.00166
"1509",NA,NA,NA
"1510","S3P6.C2",0.00413,1.13229
"1511",NA,NA,NA
"1512","S1P1.C1",0.00744,1.0069
"1513",NA,NA,NA
"1514","S1P3.C1",0.00737,1.00672
"1515",NA,NA,NA
"1516","S1P5.C1",0.000826,-0.97076
"1517",NA,NA,NA
"1518","S2P1.C1",-0.00639,0.97728
"1519",NA,NA,NA
"1520","S2P3.C1",-0.00423,1.09588
"1521",NA,NA,NA
"1522","S2P7.C1",0.00465,0.74757
"1523",NA,NA,NA
"1524","S3P1.C1",0.000369,0.92818
"1525",NA,NA,NA
"1526","S3P3.C1",0.01406,1.075
"1527",NA,NA,NA
"1528","S3P5.C1",-0.000914,1.04965
"1529",NA,NA,NA
"1530","S1P2.C2",-0.00571,-0.9563
"1531",NA,NA,NA
"1532","S1P4.C2",-0.01792,1.11046
"1533",NA,NA,NA
"1534","S1P6.C2",-0.00146,1.11016
"1535",NA,NA,NA
"1536","S2P8.C2",0.00492,0.7547
"1537",NA,NA,NA
"1538","S2P4.C2",0.00598,1.06484
"1539",NA,NA,NA
"1540","S2P6.C2",-0.00237,1.14133
"1541",NA,NA,NA
"1542","S3P2.C2",0.00355,1.06411
"1543",NA,NA,NA
"1544","S3P4.C2",0.00779,1.05462
"1545",NA,NA,NA
"1546","S3P6.C2",-0.00766,1.17856
"1547",NA,NA,NA
"1548","S1P1.C1",0.03521,1.04969
"1549",NA,NA,NA
"1550","S1P3.C1",0.00393,1.04944
"1551",NA,NA,NA
"1552","S1P5.C1",-0.00742,-0.95649
"1553",NA,NA,NA
"1554","S2P1.C1",0.00806,1.00757
"1555",NA,NA,NA
"1556","S2P3.C1",0.01029,1.13868
"1557",NA,NA,NA
"1558","S2P7.C1",0.00369,0.76892
"1559",NA,NA,NA
"1560","S3P1.C1",-0.00346,0.98723
"1561",NA,NA,NA
"1562","S3P3.C1",0.00202,1.1178
"1563",NA,NA,NA
"1564","S3P5.C1",-0.00687,1.09597
"1565",NA,NA,NA
"1566","S1P2.C2",-0.00599,-0.94204
"1567",NA,NA,NA
"1568","S1P4.C2",0.00592,1.15325
"1569",NA,NA,NA
"1570","S1P6.C2",-0.00359,1.15297
"1571",NA,NA,NA
"1572","S2P8.C2",0.00767,0.77605
"1573",NA,NA,NA
"1574","S2P4.C2",0.01691,1.11119
"1575",NA,NA,NA
"1576","S2P6.C2",0.00342,1.18765
"1577",NA,NA,NA
"1578","S3P2.C2",0.00191,1.11045
"1579",NA,NA,NA
"1580","S3P4.C2",0.00547,1.0974
"1581",NA,NA,NA
"1582","S3P6.C2",0.00263,1.22134
"1583",NA,NA,NA
"1584","S1P1.C1",-0.00537,1.09602
"1585",NA,NA,NA
"1586","S1P3.C1",-0.00177,1.09572
"1587",NA,NA,NA
"1588","S1P5.C1",0.00482,-0.94223
"1589",NA,NA,NA
"1590","S2P1.C1",0.00321,1.05038
"1591",NA,NA,NA
"1592","S2P3.C1",0.00609,1.185
"1593",NA,NA,NA
"1594","S2P7.C1",0.0019,0.79382
"1595",NA,NA,NA
"1596","S3P1.C1",-2.37e-05,1.04019
"1597",NA,NA,NA
"1598","S3P3.C1",0.000659,1.16412
"1599",NA,NA,NA
"1600","S3P5.C1",0.000929,1.13878
"1601",NA,NA,NA
"1602","S1P2.C2",-0.00544,-0.89126
"1603",NA,NA,NA
"1604","S1P4.C2",-0.01673,1.19955
"1605",NA,NA,NA
"1606","S1P6.C2",0.000378,1.19931
"1607",NA,NA,NA
"1608","S2P8.C2",0.00999,0.80095
"1609",NA,NA,NA
"1610","S2P4.C2",-0.00884,1.15398
"1611",NA,NA,NA
"1612","S2P6.C2",0.0091,1.23044
"1613",NA,NA,NA
"1614","S3P2.C2",0.01122,1.15322
"1615",NA,NA,NA
"1616","S3P4.C2",-0.000763,1.14369
"1617",NA,NA,NA
"1618","S3P6.C2",0.01052,1.26763
"1619",NA,NA,NA
"1620",NA,NA,NA
"1621","S1P3.C1",-0.00164,1.13851
"1622",NA,NA,NA
"1623","S1P5.C1",0.0101,-0.92795
"1624",NA,NA,NA
"1625","S2P1.C1",-0.01734,1.09672
"1626",NA,NA,NA
"1627","S2P3.C1",-0.00831,1.2278
"1628",NA,NA,NA
"1629","S2P7.C1",0.00177,0.81517
"1630",NA,NA,NA
"1631","S3P1.C1",0.000301,1.08296
"1632",NA,NA,NA
"1633","S3P3.C1",0.01216,1.20686
"1634",NA,NA,NA
"1635","S3P5.C1",0.021,1.18507
"1636",NA,NA,NA
"1637","S1P2.C2",-0.01146,-0.87701
"1638",NA,NA,NA
"1639","S1P4.C2",-0.00385,1.24234
"1640",NA,NA,NA
"1641","S1P6.C2",0.01514,1.24209
"1642",NA,NA,NA
"1643","S2P8.C2",0.00486,0.8223
"1644",NA,NA,NA
"1645","S2P4.C2",-0.0133,1.20032
"1646",NA,NA,NA
"1647","S2P6.C2",0.0019,1.27672
"1648",NA,NA,NA
"1649","S3P2.C2",-0.01877,1.1995
"1650",NA,NA,NA
"1651","S3P4.C2",-0.02054,1.18647
"1652",NA,NA,NA
"1653","S3P6.C2",0.00774,1.31038
"1654",NA,NA,NA
"1655","S1P1.C1",0.00224,1.18509
"1656",NA,NA,NA
"1657","S1P3.C1",0.00813,1.18484
"1658",NA,NA,NA
"1659","S1P5.C1",0.000552,-0.89146
"1660",NA,NA,NA
"1661","S2P1.C1",8.32e-05,1.13954
"1662",NA,NA,NA
"1663","S2P3.C1",0.01081,1.2741
"1664",NA,NA,NA
"1665","S2P7.C1",-0.00672,0.83655
"1666",NA,NA,NA
"1667","S3P1.C1",-0.00408,1.12927
"1668",NA,NA,NA
"1669","S3P3.C1",-0.01462,1.25317
"1670",NA,NA,NA
"1671","S3P5.C1",0.01032,1.22782
"1672",NA,NA,NA
"1673","S1P2.C2",-0.000307,-0.86273
"1674",NA,NA,NA
"1675","S1P4.C2",0.00107,1.28867
"1676",NA,NA,NA
"1677","S1P6.C2",0.00402,1.379
"1678",NA,NA,NA
"1679","S2P8.C2",-0.01013,0.84368
"1680",NA,NA,NA
"1681","S2P4.C2",0.00349,1.24311
"1682",NA,NA,NA
"1683","S2P6.C2",-0.0103,1.34462
"1684",NA,NA,NA
"1685","S3P2.C2",0.01113,1.24228
"1686",NA,NA,NA
"1687","S3P4.C2",0.0026,1.23275
"1688",NA,NA,NA
"1689","S3P6.C2",0.00336,1.35662
"1690",NA,NA,NA
"1691","S1P1.C1",-0.0081,1.22788
"1692",NA,NA,NA
"1693","S1P3.C1",-0.01765,1.22764
"1694",NA,NA,NA
"1695","S1P5.C1",-0.000834,-0.87721
"1696",NA,NA,NA
"1697","S2P1.C1",0.01756,1.18587
"1698",NA,NA,NA
"1699","S2P3.C1",0.00843,1.31684
"1700",NA,NA,NA
"1701","S2P7.C1",-4.2e-05,0.85791
"1702",NA,NA,NA
"1703","S3P1.C1",-0.00116,1.17205
"1704",NA,NA,NA
"1705","S3P3.C1",0.0071,1.29593
"1706",NA,NA,NA
"1707","S3P5.C1",0.00298,1.27414
"1708",NA,NA,NA
"1709","S1P2.C2",-0.0028,-0.84848
"1710",NA,NA,NA
"1711","S1P4.C2",0.00694,1.33145
"1712",NA,NA,NA
"1713","S1P6.C2",0.0114,1.41459
"1714",NA,NA,NA
"1715","S2P8.C2",0.00296,0.86502
"1716",NA,NA,NA
"1717","S2P4.C2",-0.00528,1.30921
"1718",NA,NA,NA
"1719","S2P6.C2",-0.00638,1.38025
"1720",NA,NA,NA
"1721","S3P2.C2",0.000439,1.2886
"1722",NA,NA,NA
"1723","S3P4.C2",0.0164,1.27552
"1724",NA,NA,NA
"1725","S3P6.C2",-0.00819,1.39934
"1726",NA,NA,NA
"1727","S1P1.C1",-0.00235,1.2742
"1728",NA,NA,NA
"1729","S1P3.C1",-0.01131,1.27396
"1730",NA,NA,NA
"1731","S1P5.C1",-0.00015,-0.86294
"1732",NA,NA,NA
"1733","S2P1.C1",0.00923,1.22866
"1734",NA,NA,NA
"1735","S2P3.C1",-0.00102,1.35624
"1736",NA,NA,NA
"1737","S2P7.C1",0.00221,0.88278
"1738",NA,NA,NA
"1739","S3P1.C1",0.00487,1.21833
"1740",NA,NA,NA
"1741","S3P3.C1",-0.0092,1.3422
"1742",NA,NA,NA
"1743","S3P5.C1",0.00259,1.31694
"1744",NA,NA,NA
"1745","S1P2.C2",-0.00301,-0.83419
"1746",NA,NA,NA
"1747","S1P4.C2",-0.00684,1.38308
"1748",NA,NA,NA
"1749","S1P6.C2",-0.0119,1.45369
"1750",NA,NA,NA
"1751","S2P8.C2",0.00541,0.88991
"1752",NA,NA,NA
"1753","S2P4.C2",-0.01096,1.36419
"1754",NA,NA,NA
"1755","S2P6.C2",0.0017,1.41949
"1756",NA,NA,NA
"1757","S3P2.C2",0.02184,1.35771
"1758",NA,NA,NA
"1759","S3P4.C2",-0.00204,1.33362
"1760",NA,NA,NA
"1761","S3P6.C2",0.00207,1.44567
"1762",NA,NA,NA
"1763","S1P1.C1",0.0228,1.317
"1764",NA,NA,NA
"1765","S1P3.C1",-0.00689,1.37884
"1766",NA,NA,NA
"1767","S1P5.C1",0.00375,-0.84869
"1768",NA,NA,NA
"1769","S2P1.C1",-0.01514,1.275
"1770",NA,NA,NA
"1771","S2P3.C1",0.00423,1.3919
"1772",NA,NA,NA
"1773","S2P7.C1",0.00935,0.90413
"1774",NA,NA,NA
"1775","S3P1.C1",0.0075,1.2611
"1776",NA,NA,NA
"1777","S3P3.C1",0.00241,1.38488
"1778",NA,NA,NA
"1779","S3P5.C1",0.0049,1.35753
"1780",NA,NA,NA
"1781","S1P2.C2",0.00555,-0.81991
"1782",NA,NA,NA
"1783","S1P4.C2",-0.00488,1.41868
"1784",NA,NA,NA
"1785","S1P6.C2",-0.0159,1.48934
"1786",NA,NA,NA
"1787","S2P8.C2",0.00262,0.91127
"1788",NA,NA,NA
"1789","S2P4.C2",-0.00869,1.39985
"1790",NA,NA,NA
"1791","S2P6.C2",0.000933,1.45508
"1792",NA,NA,NA
"1793","S3P2.C2",0.0036,1.39333
"1794",NA,NA,NA
"1795","S3P4.C2",0.0075,1.36922
"1796",NA,NA,NA
"1797","S3P6.C2",0.00894,1.48845
"1798",NA,NA,NA
"1799","S1P1.C1",0.000499,1.38292
"1800",NA,NA,NA
"1801","S1P3.C1",0.00268,1.41443
"1802",NA,NA,NA
"1803","S1P5.C1",-0.02257,-0.8344
"1804",NA,NA,NA
"1805","S2P1.C1",-0.011,1.30904
"1806",NA,NA,NA
"1807","S2P3.C1",0.01535,1.43111
"1808",NA,NA,NA
"1809","S2P7.C1",-0.0085,0.92551
"1810",NA,NA,NA
"1811","S3P1.C1",-0.01116,1.30742
"1812",NA,NA,NA
"1813","S3P3.C1",-0.00243,1.43122
"1814",NA,NA,NA
"1815","S3P5.C1",0.000996,1.39316
"1816",NA,NA,NA
"1817","S1P2.C2",-0.00404,-0.80208
"1818",NA,NA,NA
"1819","S1P4.C2",-0.00566,1.4578
"1820",NA,NA,NA
"1821","S1P6.C2",0.00708,1.52854
"1822",NA,NA,NA
"1823","S2P8.C2",-0.00284,0.93264
"1824",NA,NA,NA
"1825","S2P4.C2",-0.000621,1.43906
"1826",NA,NA,NA
"1827","S2P6.C2",0.00304,1.49424
"1828",NA,NA,NA
"1829","S3P2.C2",-0.0085,1.43242
"1830",NA,NA,NA
"1831","S3P4.C2",-0.01051,1.42009
"1832",NA,NA,NA
"1833","S3P6.C2",0.00682,1.53472
"1834",NA,NA,NA
"1835","S1P1.C1",0.00428,1.4185
"1836",NA,NA,NA
"1837","S1P3.C1",0.00862,1.45353
"1838",NA,NA,NA
"1839","S1P5.C1",-0.00511,-0.8201
"1840",NA,NA,NA
"1841","S2P1.C1",0.000547,1.36402
"1842",NA,NA,NA
"1843","S2P3.C1",-0.0182,1.46671
"1844",NA,NA,NA
"1845","S2P7.C1",-0.00757,0.94686
"1846",NA,NA,NA
"1847","S3P1.C1",0.009,1.33347
"1848",NA,NA,NA
"1849","S3P3.C1",0.01295,1.47396
"1850",NA,NA,NA
"1851","S3P5.C1",0.00997,1.43225
"1852",NA,NA,NA
"1853","S1P2.C2",-0.000106,-0.78781
"1854",NA,NA,NA
"1855","S1P4.C2",0.00668,1.49343
"1856",NA,NA,NA
"1857","S1P6.C2",-0.0101,1.56419
"1858",NA,NA,NA
"1859","S2P8.C2",-0.00909,0.95399
"1860",NA,NA,NA
"1861","S2P4.C2",0.02774,1.47472
"1862",NA,NA,NA
"1863","S2P6.C2",-0.01193,1.52986
"1864",NA,NA,NA
"1865","S3P2.C2",0.01586,1.468
"1866",NA,NA,NA
"1867","S3P4.C2",-0.02059,1.45569
"1868",NA,NA,NA
"1869","S3P6.C2",-0.01218,1.57744
"1870",NA,NA,NA
"1871","S1P1.C1",-0.00778,1.4576
"1872",NA,NA,NA
"1873","S1P3.C1",-0.00218,1.48914
"1874",NA,NA,NA
"1875","S1P5.C1",-0.0146,-0.80229
"1876",NA,NA,NA
"1877","S2P1.C1",0.01466,1.39968
"1878",NA,NA,NA
"1879","S2P3.C1",-0.01118,1.50587
"1880",NA,NA,NA
"1881","S2P7.C1",0.000915,0.97179
"1882",NA,NA,NA
"1883","S3P1.C1",-0.00228,1.36906
"1884",NA,NA,NA
"1885","S3P3.C1",0.01388,1.52027
"1886",NA,NA,NA
"1887","S3P5.C1",0.00732,1.46782
"1888",NA,NA,NA
"1889","S1P2.C2",-0.01322,-0.77356
"1890",NA,NA,NA
"1891","S1P4.C2",0.00403,1.53264
"1892",NA,NA,NA
"1893","S1P6.C2",-0.00139,1.60333
"1894",NA,NA,NA
"1895","S2P8.C2",-0.00384,0.97892
"1896",NA,NA,NA
"1897","S2P4.C2",-0.00612,1.5139
"1898",NA,NA,NA
"1899","S2P6.C2",-0.03254,1.56904
"1900",NA,NA,NA
"1901","S3P2.C2",-0.01289,1.50716
"1902",NA,NA,NA
"1903","S3P4.C2",-0.01168,1.50694
"1904",NA,NA,NA
"1905","S3P6.C2",0.00136,1.62366
"1906",NA,NA,NA
"1907","S1P1.C1",0.00607,1.49323
"1908",NA,NA,NA
"1909","S1P3.C1",-0.01213,1.52836
"1910",NA,NA,NA
"1911","S1P5.C1",0.01733,-0.78801
"1912",NA,NA,NA
"1913","S2P1.C1",-0.01905,1.43889
"1914",NA,NA,NA
"1915","S2P3.C1",0.01081,1.54148
"1916",NA,NA,NA
"1917","S2P7.C1",0.000219,0.99315
"1918",NA,NA,NA
"1919","S3P1.C1",-0.00115,1.41993
"1920",NA,NA,NA
"1921","S3P3.C1",-0.00689,1.56302
"1922",NA,NA,NA
"1923","S3P5.C1",-0.01639,1.50699
"1924",NA,NA,NA
"1925","S1P2.C2",0.00532,-0.75931
"1926",NA,NA,NA
"1927","S1P4.C2",-0.01579,1.56832
"1928",NA,NA,NA
"1929","S1P6.C2",-0.00183,1.63896
"1930",NA,NA,NA
"1931","S2P8.C2",0.0103,1.00028
"1932",NA,NA,NA
"1933","S2P4.C2",0.00435,1.54956
"1934",NA,NA,NA
"1935","S2P6.C2",0.00121,1.60466
"1936",NA,NA,NA
"1937","S3P2.C2",0.0052,1.54281
"1938",NA,NA,NA
"1939","S3P4.C2",0.00811,1.54256
"1940",NA,NA,NA
"1941","S3P6.C2",-0.003,1.66639
"1942",NA,NA,NA
"1943","S1P1.C1",-0.00901,1.53244
"1944",NA,NA,NA
"1945","S1P3.C1",0.00624,1.564
"1946",NA,NA,NA
"1947","S1P5.C1",0.00163,-0.77376
"1948",NA,NA,NA
"1949","S2P1.C1",-0.01291,1.47455
"1950",NA,NA,NA
"1951","S2P3.C1",-0.0064,1.58066
"1952",NA,NA,NA
"1953","S2P7.C1",-0.00311,1.01453
"1954",NA,NA,NA
"1955","S3P1.C1",0.00524,1.45553
"1956",NA,NA,NA
"1957","S3P3.C1",0.00643,1.60925
"1958",NA,NA,NA
"1959","S3P5.C1",-0.02446,1.54264
"1960",NA,NA,NA
"1961","S1P2.C2",0.01818,-0.74502
"1962",NA,NA,NA
"1963","S1P4.C2",-0.00275,1.60757
"1964",NA,NA,NA
"1965","S1P6.C2",-0.00656,1.67806
"1966",NA,NA,NA
"1967","S2P8.C2",-0.0265,1.02166
"1968",NA,NA,NA
"1969",NA,NA,NA
"1970","S2P6.C2",-0.00272,1.64381
"1971",NA,NA,NA
"1972","S3P2.C2",0.00298,1.58196
"1973",NA,NA,NA
"1974","S3P4.C2",0.00482,1.59373
"1975",NA,NA,NA
"1976","S3P6.C2",-0.00419,1.71267
"1977",NA,NA,NA
"1978","S1P1.C1",-2.2e-05,1.56813
"1979",NA,NA,NA
"1980","S1P3.C1",0.01824,1.60315
"1981",NA,NA,NA
"1982","S1P5.C1",-0.00489,-0.75949
"1983",NA,NA,NA
"1984","S2P1.C1",-0.00294,1.51373
"1985",NA,NA,NA
"1986","S2P3.C1",0.00115,1.61631
"1987",NA,NA,NA
"1988","S2P7.C1",0.00319,1.03588
"1989",NA,NA,NA
"1990","S3P1.C1",0.01004,1.50678
"1991",NA,NA,NA
"1992","S3P3.C1",0.0093,1.65194
"1993",NA,NA,NA
"1994","S3P5.C1",0.0126,1.58177
"1995",NA,NA,NA
"1996","S1P2.C2",0.00737,-0.73075
"1997",NA,NA,NA
"1998","S1P4.C2",0.01816,1.64316
"1999",NA,NA,NA
"2000","S1P6.C2",0.00542,1.71366
"2001",NA,NA,NA
"2002","S2P8.C2",-0.00297,1.04301
"2003",NA,NA,NA
"2004","S2P4.C2",0.00936,1.62437
"2005",NA,NA,NA
"2006","S2P6.C2",-0.01644,1.6794
"2007",NA,NA,NA
"2008","S3P2.C2",0.00204,1.61762
"2009",NA,NA,NA
"2010","S3P4.C2",-0.00345,1.62934
"2011",NA,NA,NA
"2012","S3P6.C2",-0.0121,1.75541
"2013",NA,NA,NA
"2014","S1P1.C1",-0.00185,1.60741
"2015",NA,NA,NA
"2016",NA,NA,NA
"2017","S1P5.C1",0.01274,-0.74522
"2018",NA,NA,NA
"2019","S2P1.C1",-0.00463,1.54939
"2020",NA,NA,NA
"2021","S2P3.C1",0.000965,1.65544
"2022",NA,NA,NA
"2023","S2P7.C1",0.0014,1.06082
"2024",NA,NA,NA
"2025","S3P1.C1",0.00919,1.54238
"2026",NA,NA,NA
"2027","S3P3.C1",-0.00098,1.69822
"2028",NA,NA,NA
"2029","S3P5.C1",0.00177,1.61743
"2030",NA,NA,NA
"2031","S1P2.C2",0.01631,-0.71293
"2032",NA,NA,NA
"2033","S1P4.C2",0.00803,1.6824
"2034",NA,NA,NA
"2035","S1P6.C2",-0.00991,1.75278
"2036",NA,NA,NA
"2037","S2P8.C2",-0.00551,1.06796
"2038",NA,NA,NA
"2039","S2P4.C2",-0.0182,1.66355
"2040",NA,NA,NA
"2041","S2P6.C2",-0.00564,1.71858
"2042",NA,NA,NA
"2043","S3P2.C2",0.00393,1.65676
"2044",NA,NA,NA
"2045","S3P4.C2",-0.00625,1.68057
"2046",NA,NA,NA
"2047","S3P6.C2",-0.01363,1.80166
"2048",NA,NA,NA
"2049","S1P1.C1",0.01,1.64296
"2050",NA,NA,NA
"2051","S1P3.C1",-0.01727,1.67789
"2052",NA,NA,NA
"2053","S1P5.C1",-0.00588,-0.73095
"2054",NA,NA,NA
"2055","S2P1.C1",0.00381,1.58854
"2056",NA,NA,NA
"2057","S2P3.C1",0.000457,1.69103
"2058",NA,NA,NA
"2059","S2P7.C1",-0.01215,1.08219
"2060",NA,NA,NA
"2061","S3P1.C1",-0.01714,1.59356
"2062",NA,NA,NA
"2063","S3P3.C1",-0.00763,1.74096
"2064",NA,NA,NA
"2065","S3P5.C1",0.00539,1.65657
"2066",NA,NA,NA
"2067","S1P2.C2",-0.01001,-0.69867
"2068",NA,NA,NA
"2069","S1P4.C2",-0.00668,1.71804
"2070",NA,NA,NA
"2071","S1P6.C2",-0.00417,1.7884
"2072",NA,NA,NA
"2073","S2P8.C2",-0.01233,1.08932
"2074",NA,NA,NA
"2075","S2P4.C2",0.00347,1.69921
"2076",NA,NA,NA
"2077","S2P6.C2",0.01436,1.75419
"2078",NA,NA,NA
"2079","S3P2.C2",0.000936,1.69242
"2080",NA,NA,NA
"2081","S3P4.C2",-2.49e-05,1.71619
"2082",NA,NA,NA
"2083","S3P6.C2",-0.02062,1.84438
"2084",NA,NA,NA
"2085","S1P1.C1",0.01189,1.6822
"2086",NA,NA,NA
"2087","S1P3.C1",-0.00793,1.71348
"2088",NA,NA,NA
"2089","S1P5.C1",0.08649,-0.71312
"2090",NA,NA,NA
"2091","S2P1.C1",-0.00836,1.6242
"2092",NA,NA,NA
"2093","S2P3.C1",0.00663,1.7302
"2094",NA,NA,NA
"2095","S2P7.C1",-0.01125,1.10358
"2096",NA,NA,NA
"2097","S3P1.C1",0.02374,1.62918
"2098",NA,NA,NA
"2099","S3P3.C1",-0.0142,1.78721
"2100",NA,NA,NA
"2101","S3P5.C1",0.00285,1.69222
"2102",NA,NA,NA
"2103","S1P2.C2",0.0015,-0.68439
"2104",NA,NA,NA
"2105","S1P4.C2",-0.00566,1.75726
"2106",NA,NA,NA
"2107","S1P6.C2",-0.00211,1.82757
"2108",NA,NA,NA
"2109","S2P8.C2",-0.01251,1.11071
"2110",NA,NA,NA
"2111","S2P4.C2",0.0016,1.73838
"2112",NA,NA,NA
"2113","S2P6.C2",0.016,1.79334
"2114",NA,NA,NA
"2115","S3P2.C2",0.01217,1.73159
"2116",NA,NA,NA
"2117","S3P4.C2",0.00183,1.76736
"2118",NA,NA,NA
"2119","S3P6.C2",-0.00212,1.89063
"2120",NA,NA,NA
"2121","S1P1.C1",-0.000121,1.71785
"2122",NA,NA,NA
"2123","S1P3.C1",0.01251,1.75262
"2124",NA,NA,NA
"2125","S1P5.C1",-0.00916,-0.69888
"2126",NA,NA,NA
"2127","S2P1.C1",0.00851,1.66338
"2128",NA,NA,NA
"2129","S2P3.C1",-0.01078,1.76581
"2130",NA,NA,NA
"2131","S2P7.C1",0.00918,1.12493
"2132",NA,NA,NA
"2133","S3P1.C1",-0.002,1.68041
"2134",NA,NA,NA
"2135","S3P3.C1",-0.0165,1.82994
"2136",NA,NA,NA
"2137","S3P5.C1",0.00509,1.73138
"2138",NA,NA,NA
"2139","S1P2.C2",0.00229,-0.6701
"2140",NA,NA,NA
"2141","S1P4.C2",-0.00453,1.79291
"2142",NA,NA,NA
"2143","S1P6.C2",-0.00499,1.86315
"2144",NA,NA,NA
"2145","S2P8.C2",-0.0104,1.13206
"2146",NA,NA,NA
"2147","S2P4.C2",0.00515,1.77404
"2148",NA,NA,NA
"2149","S2P6.C2",0.000302,1.82895
"2150",NA,NA,NA
"2151","S3P2.C2",-0.01021,1.76723
"2152",NA,NA,NA
"2153","S3P4.C2",-0.00153,1.80319
"2154",NA,NA,NA
"2155","S3P6.C2",0.00176,1.93334
"2156",NA,NA,NA
"2157","S1P1.C1",0.00137,1.75706
"2158",NA,NA,NA
"2159","S1P3.C1",-0.02058,1.78823
"2160",NA,NA,NA
"2161","S1P5.C1",0.00298,-0.68461
"2162",NA,NA,NA
"2163","S2P1.C1",0.02326,1.69904
"2164",NA,NA,NA
"2165","S2P3.C1",0.00199,1.80497
"2166",NA,NA,NA
"2167","S2P7.C1",0.00165,1.14985
"2168",NA,NA,NA
"2169","S3P1.C1",0.00141,1.71602
"2170",NA,NA,NA
"2171","S3P3.C1",-0.00802,1.87617
"2172",NA,NA,NA
"2173","S3P5.C1",-0.00852,1.76704
"2174",NA,NA,NA
"2175","S1P2.C2",-0.00689,-0.65588
"2176",NA,NA,NA
"2177","S1P4.C2",0.000102,1.83211
"2178",NA,NA,NA
"2179","S1P6.C2",-0.01003,1.90225
"2180",NA,NA,NA
"2181","S2P8.C2",-0.00209,1.15698
"2182",NA,NA,NA
"2183","S2P4.C2",-0.00423,1.81322
"2184",NA,NA,NA
"2185","S2P6.C2",0.01343,1.86811
"2186",NA,NA,NA
"2187","S3P2.C2",-0.00205,1.80638
"2188",NA,NA,NA
"2189","S3P4.C2",-0.00629,1.85612
"2190",NA,NA,NA
"2191","S3P6.C2",0.00178,1.97963
"2192",NA,NA,NA
"2193","S1P1.C1",0.00135,1.79271
"2194",NA,NA,NA
"2195","S1P3.C1",0.00673,1.8274
"2196",NA,NA,NA
"2197","S1P5.C1",0.00338,-0.6703
"2198",NA,NA,NA
"2199","S2P1.C1",0.00972,1.73821
"2200",NA,NA,NA
"2201","S2P3.C1",-0.00226,1.84057
"2202",NA,NA,NA
"2203","S2P7.C1",-0.00343,1.1691
"2204",NA,NA,NA
"2205","S3P1.C1",-0.0102,1.7672
"2206",NA,NA,NA
"2207","S3P3.C1",-0.00118,1.9189
"2208",NA,NA,NA
"2209","S3P5.C1",0.00391,1.80619
"2210",NA,NA,NA
"2211","S1P2.C2",-0.01014,-0.64166
"2212",NA,NA,NA
"2213","S1P4.C2",0.00532,1.86778
"2214",NA,NA,NA
"2215","S1P6.C2",-0.0076,1.93792
"2216",NA,NA,NA
"2217","S2P8.C2",-0.01414,1.17623
"2218",NA,NA,NA
"2219","S2P4.C2",-0.00608,1.84884
"2220",NA,NA,NA
"2221","S2P6.C2",-0.0052,1.90374
"2222",NA,NA,NA
"2223","S3P2.C2",-0.00789,1.84204
"2224",NA,NA,NA
"2225","S3P4.C2",0.00532,1.89184
"2226",NA,NA,NA
"2227","S3P6.C2",0.00293,2.02236
"2228",NA,NA,NA
"2229","S1P1.C1",0.01375,1.83191
"2230",NA,NA,NA
"2231","S1P3.C1",0.00527,1.863
"2232",NA,NA,NA
"2233","S1P5.C1",0.01865,-0.65606
"2234",NA,NA,NA
"2235","S2P1.C1",0.00297,1.77385
"2236",NA,NA,NA
"2237","S2P3.C1",0.00551,1.87972
"2238",NA,NA,NA
"2239","S2P7.C1",-0.0081,1.19045
"2240",NA,NA,NA
"2241","S3P1.C1",0.00442,1.80303
"2242",NA,NA,NA
"2243","S3P3.C1",0.00638,1.96519
"2244",NA,NA,NA
"2245","S3P5.C1",-0.00711,1.84185
"2246",NA,NA,NA
"2247","S1P2.C2",0.00268,-0.62392
"2248",NA,NA,NA
"2249","S1P4.C2",0.00605,1.90696
"2250",NA,NA,NA
"2251","S2P8.C2",-0.01699,1.19758
"2252",NA,NA,NA
"2253","S2P4.C2",0.01249,1.88801
"2254",NA,NA,NA
"2255","S2P6.C2",-0.00502,1.94289
"2256",NA,NA,NA
"2257","S3P2.C2",0.00917,1.88122
"2258",NA,NA,NA
"2259","S3P4.C2",0.00814,1.94097
"2260",NA,NA,NA
"2261","S3P6.C2",0.00423,2.06867
"2262",NA,NA,NA
"2263","S1P1.C1",-0.0081,1.86758
"2264",NA,NA,NA
"2265","S1P3.C1",-0.00242,1.90208
"2266",NA,NA,NA
"2267","S1P5.C1",0.01008,-0.64183
"2268",NA,NA,NA
"2269","S2P1.C1",0.01447,1.81303
"2270",NA,NA,NA
"2271","S2P3.C1",0.00573,1.91535
"2272",NA,NA,NA
"2273","S2P7.C1",0.000502,1.21184
"2274",NA,NA,NA
"2275","S3P1.C1",-0.000315,1.85595
"2276",NA,NA,NA
"2277","S3P3.C1",-0.00461,2.00792
"2278",NA,NA,NA
"2279","S3P5.C1",0.00377,1.88102
"2280",NA,NA,NA
"2281","S1P2.C2",-0.00167,-0.60971
"2282",NA,NA,NA
"2283","S1P4.C2",0.01335,1.9426
"2284",NA,NA,NA
"2285","S2P8.C2",-0.00273,1.21897
"2286",NA,NA,NA
"2287","S2P4.C2",0.00124,1.92365
"2288",NA,NA,NA
"2289","S3P2.C2",0.00995,1.9169
"2290",NA,NA,NA
"2291","S3P6.C2",0.00414,2.11141
"2292",NA,NA,NA
"2293","S1P1.C1",0.00029,1.90677
"2294",NA,NA,NA
"2295","S1P3.C1",-0.00546,1.93772
"2296",NA,NA,NA
"2297","S1P5.C1",0.00982,-0.62409
"2298",NA,NA,NA
"2299","S2P1.C1",-0.00821,1.84867
"2300",NA,NA,NA
"2301","S2P3.C1",0.00111,1.95451
"2302",NA,NA,NA
"2303","S2P7.C1",0.00911,1.23319
"2304",NA,NA,NA
"2305","S3P1.C1",0.00127,1.89168
"2306",NA,NA,NA
"2307","S3P3.C1",0.00204,2.05422
"2308",NA,NA,NA
"2309","S3P5.C1",-0.00236,1.91668
"2310",NA,NA,NA
"2311","S1P2.C2",0.00993,-0.5955
"2312",NA,NA,NA
"2313","S2P8.C2",-0.00776,1.24032
"2314",NA,NA,NA
"2315","S2P4.C2",-0.01305,1.96277
"2316",NA,NA,NA
"2317","S3P2.C2",-0.01569,1.95606
"2318",NA,NA,NA
"2319","S3P6.C2",0.00731,2.17693
"2320",NA,NA,NA
"2321","S1P1.C1",0.00163,1.94243
"2322",NA,NA,NA
"2323","S1P3.C1",0.01326,1.97691
"2324",NA,NA,NA
"2325","S1P5.C1",0.00312,-0.60988
"2326",NA,NA,NA
"2327","S2P1.C1",0.00398,1.88784
"2328",NA,NA,NA
"2329","S2P7.C1",0.00658,1.2581
"2330",NA,NA,NA
"2331","S3P1.C1",0.00545,1.94081
"2332",NA,NA,NA
"2333","S3P3.C1",0.0036,2.09697
"2334",NA,NA,NA
"2335","S3P5.C1",-0.00254,1.95587
"2336",NA,NA,NA
"2337","S1P2.C2",-0.000651,-0.58131
"2338",NA,NA,NA
"2339","S2P8.C2",-0.00328,1.26524
"2340",NA,NA,NA
"2341","S3P6.C2",-0.00836,2.21968
"2342",NA,NA,NA
"2343","S1P3.C1",-0.0071,4.0574
"2344",NA,NA,NA
"2345","S1P5.C1",0.00463,-0.59567
"2346",NA,NA,NA
"2347","S2P1.C1",0.0238,1.92347
"2348",NA,NA,NA
"2349","S2P7.C1",0.02283,1.27944
"2350",NA,NA,NA
"2351","S3P1.C1",-0.01632,1.97646
"2352",NA,NA,NA
"2353","S3P3.C1",-0.0051,2.16249
"2354",NA,NA,NA
"2355","S1P2.C2",0.01344,-0.56709
"2356",NA,NA,NA
"2357","S2P8.C2",-0.00502,1.28657
"2358",NA,NA,NA
"2359","S3P6.C2",-0.000986,2.26593
"2360",NA,NA,NA
"2361","S1P3.C1",0.00776,4.07171
"2362",NA,NA,NA
"2363","S1P5.C1",0.00784,-0.58146
"2364",NA,NA,NA
"2365","S2P1.C1",-0.000457,1.96259
"2366",NA,NA,NA
"2367","S2P7.C1",0.000144,1.30082
"2368",NA,NA,NA
"2369","S3P3.C1",0.000213,2.20523
"2370",NA,NA,NA
"2371","S1P2.C2",-0.00931,-0.55289
"2372",NA,NA,NA
"2373","S2P8.C2",0.01808,1.30795
"2374",NA,NA,NA
"2375","S3P6.C2",-0.00553,2.30863
"2376",NA,NA,NA
"2377","S1P3.C1",-0.01204,4.08598
"2378",NA,NA,NA
"2379","S1P5.C1",0.0108,-0.56726
"2380",NA,NA,NA
"2381","S2P1.C1",0.000513,9.36006
"2382",NA,NA,NA
"2383","S2P7.C1",-0.00496,1.32218
"2384",NA,NA,NA
"2385","S3P3.C1",-0.00903,2.2515
"2386",NA,NA,NA
"2387","S1P2.C2",-0.00219,-0.53514
"2388",NA,NA,NA
"2389","S2P8.C2",-0.00834,1.32928
"2390",NA,NA,NA
"2391","S3P6.C2",-0.00677,2.35485
"2392",NA,NA,NA
"2393","S1P3.C1",-0.00619,4.10027
"2394",NA,NA,NA
"2395","S1P5.C1",0.0104,-0.55306
"2396",NA,NA,NA
"2397","S2P1.C1",0.01187,9.45264
"2398",NA,NA,NA
"2399","S2P7.C1",0.00637,1.34705
"2400",NA,NA,NA
"2401","S3P3.C1",0.00276,2.29421
"2402",NA,NA,NA
"2403","S1P2.C2",0.00306,-0.52093
"2404",NA,NA,NA
"2405","S2P8.C2",-0.00182,1.35416
"2406",NA,NA,NA
"2407","S3P6.C2",0.00122,2.39752
"2408",NA,NA,NA
"2409","S1P3.C1",-0.000498,4.11455
"2410",NA,NA,NA
"2411","S1P5.C1",-0.01513,-0.53531
"2412",NA,NA,NA
"2413","S2P1.C1",-0.0102,9.54519
"2414",NA,NA,NA
"2415","S2P7.C1",0.00481,1.36839
"2416",NA,NA,NA
"2417","S3P3.C1",0.00804,2.34043
"2418",NA,NA,NA
"2419","S1P2.C2",0.000268,-0.50672
"2420",NA,NA,NA
"2421","S2P8.C2",-0.00875,1.3755
"2422",NA,NA,NA
"2423","S3P6.C2",0.00686,2.4438
"2424",NA,NA,NA
"2425","S1P3.C1",-0.000512,4.12883
"2426",NA,NA,NA
"2427","S1P5.C1",0.00703,-0.52109
"2428",NA,NA,NA
"2429","S2P1.C1",0.00132,9.63778
"2430",NA,NA,NA
"2431","S2P7.C1",0.01485,1.38975
"2432",NA,NA,NA
"2433","S3P3.C1",0.00505,2.38311
"2434",NA,NA,NA
"2435","S1P2.C2",0.00135,-0.49245
"2436",NA,NA,NA
"2437","S2P8.C2",-0.00289,1.39685
"2438",NA,NA,NA
"2439","S3P6.C2",0.000447,2.48657
"2440",NA,NA,NA
"2441","S1P3.C1",0.00867,4.14313
"2442",NA,NA,NA
"2443","S1P5.C1",0.01526,-0.50689
"2444",NA,NA,NA
"2445","S2P1.C1",0.01171,9.73039
"2446",NA,NA,NA
"2447","S2P7.C1",-0.00632,1.41106
"2448",NA,NA,NA
"2449","S3P3.C1",-0.01132,2.42932
"2450",NA,NA,NA
"2451","S1P2.C2",0.00339,-0.47819
"2452",NA,NA,NA
"2453","S2P8.C2",0.00153,1.41817
"2454",NA,NA,NA
"2455","S3P6.C2",-0.0055,2.53287
"2456",NA,NA,NA
"2457","S1P3.C1",0.00683,4.15745
"2458",NA,NA,NA
"2459","S1P5.C1",0.00152,-0.49266
"2460",NA,NA,NA
"2461","S2P1.C1",0.000776,9.82293
"2462",NA,NA,NA
"2463","S2P7.C1",0.00366,1.43595
"2464",NA,NA,NA
"2465","S3P3.C1",-0.0078,2.47209
"2466",NA,NA,NA
"2467","S1P2.C2",-0.00491,-0.46398
"2468",NA,NA,NA
"2469","S2P8.C2",-0.02459,1.44306
"2470",NA,NA,NA
"2471","S3P6.C2",-0.000556,2.5756
"2472",NA,NA,NA
"2473","S1P3.C1",0.00541,4.17178
"2474",NA,NA,NA
"2475","S1P5.C1",-0.0089,-0.47837
"2476",NA,NA,NA
"2477","S2P1.C1",-0.00875,9.9155
"2478",NA,NA,NA
"2479","S2P7.C1",0.00261,1.45728
"2480",NA,NA,NA
"2481","S3P3.C1",-0.00455,2.51843
"2482",NA,NA,NA
"2483","S1P2.C2",-0.000931,-0.44625
"2484",NA,NA,NA
"2485","S2P8.C2",0.00485,1.46441
"2486",NA,NA,NA
"2487","S3P6.C2",-0.000334,2.62189
"2488",NA,NA,NA
"2489","S1P5.C1",-0.00298,-0.46416
"2490",NA,NA,NA
"2491","S2P1.C1",-0.0123,10.05635
"2492",NA,NA,NA
"2493","S2P7.C1",-0.00328,1.4787
"2494",NA,NA,NA
"2495","S3P3.C1",-0.00224,2.56116
"2496",NA,NA,NA
"2497","S1P2.C2",0.00924,-0.43201
"2498",NA,NA,NA
"2499","S2P8.C2",0.00491,1.48583
"2500",NA,NA,NA
"2501","S3P6.C2",0.00468,2.66463
"2502",NA,NA,NA
"2503","S1P5.C1",-0.01111,-0.44641
"2504",NA,NA,NA
"2505","S2P1.C1",0.00835,10.15161
"2506",NA,NA,NA
"2507","S2P7.C1",0.00747,1.50006
"2508",NA,NA,NA
"2509","S3P3.C1",0.00268,2.60743
"2510",NA,NA,NA
"2511","S1P2.C2",-0.00557,-0.41777
"2512",NA,NA,NA
"2513","S2P8.C2",0.00113,1.50719
"2514",NA,NA,NA
"2515","S3P6.C2",0.00357,2.71088
"2516",NA,NA,NA
"2517","S1P5.C1",-0.00716,-0.43221
"2518",NA,NA,NA
"2519","S2P1.C1",0.00998,10.24424
"2520",NA,NA,NA
"2521","S2P7.C1",0.000972,1.525
"2522",NA,NA,NA
"2523","S3P3.C1",0.00638,2.65017
"2524",NA,NA,NA
"2525","S1P2.C2",-0.00648,-0.40352
"2526",NA,NA,NA
"2527","S2P8.C2",0.003,1.53213
"2528",NA,NA,NA
"2529","S3P6.C2",0.011,2.75362
"2530",NA,NA,NA
"2531","S1P5.C1",0.014,-0.41797
"2532",NA,NA,NA
"2533","S2P1.C1",0.01378,10.33694
"2534",NA,NA,NA
"2535","S2P7.C1",-0.00502,1.54639
"2536",NA,NA,NA
"2537","S3P3.C1",-0.00394,2.69646
"2538",NA,NA,NA
"2539","S1P2.C2",-0.00202,-0.38924
"2540",NA,NA,NA
"2541","S2P8.C2",0.00741,1.55352
"2542",NA,NA,NA
"2543","S3P6.C2",0.00842,2.79988
"2544",NA,NA,NA
"2545","S1P5.C1",-0.00189,-0.4037
"2546",NA,NA,NA
"2547","S2P1.C1",0.02034,10.42949
"2548",NA,NA,NA
"2549","S2P7.C1",0.00544,1.56777
"2550",NA,NA,NA
"2551","S3P3.C1",-0.00857,2.73918
"2552",NA,NA,NA
"2553","S1P2.C2",0.01533,-0.37498
"2554",NA,NA,NA
"2555","S2P8.C2",-0.01824,1.5749
"2556",NA,NA,NA
"2557","S3P6.C2",-0.00967,2.84262
"2558",NA,NA,NA
"2559","S1P5.C1",0.00936,-0.38943
"2560",NA,NA,NA
"2561","S2P1.C1",-0.00425,10.52207
"2562",NA,NA,NA
"2563","S2P7.C1",-0.00232,1.58912
"2564",NA,NA,NA
"2565","S3P3.C1",0.00795,2.78544
"2566",NA,NA,NA
"2567","S1P2.C2",0.0202,-0.35715
"2568",NA,NA,NA
"2569","S2P8.C2",-0.00634,1.59625
"2570",NA,NA,NA
"2571","S3P6.C2",0.01483,2.88892
"2572",NA,NA,NA
"2573","S1P5.C1",-0.0246,-0.37517
"2574",NA,NA,NA
"2575","S2P1.C1",0.00372,10.61469
"2576",NA,NA,NA
"2577","S2P7.C1",-0.00187,1.61403
"2578",NA,NA,NA
"2579","S3P3.C1",-0.00242,2.82817
"2580",NA,NA,NA
"2581","S1P2.C2",-0.00362,-0.34292
"2582",NA,NA,NA
"2583","S2P8.C2",-0.0015,1.62116
"2584",NA,NA,NA
"2585","S3P6.C2",0.00309,2.93168
"2586",NA,NA,NA
"2587","S1P5.C1",0.00543,-0.35735
"2588",NA,NA,NA
"2589","S2P1.C1",-0.00148,10.70714
"2590",NA,NA,NA
"2591","S2P7.C1",0.00374,1.63539
"2592",NA,NA,NA
"2593","S3P3.C1",-0.01384,2.87447
"2594",NA,NA,NA
"2595","S1P2.C2",-0.00697,-0.32868
"2596",NA,NA,NA
"2597","S2P8.C2",0.00919,1.64252
"2598",NA,NA,NA
"2599","S3P6.C2",-0.00341,2.97787
"2600",NA,NA,NA
"2601","S1P5.C1",-0.00315,-0.3431
"2602",NA,NA,NA
"2603","S2P1.C1",0.00208,10.79971
"2604",NA,NA,NA
"2605","S2P7.C1",0.00311,1.65678
"2606",NA,NA,NA
"2607","S3P3.C1",-0.01805,2.91723
"2608",NA,NA,NA
"2609","S1P2.C2",-0.00858,-0.3144
"2610",NA,NA,NA
"2611","S2P8.C2",-0.00941,1.66391
"2612",NA,NA,NA
"2613","S1P5.C1",-0.00699,-0.32887
"2614",NA,NA,NA
"2615","S2P1.C1",-0.0025,10.89231
"2616",NA,NA,NA
"2617","S2P7.C1",-0.00301,1.67813
"2618",NA,NA,NA
"2619","S3P3.C1",0.000486,2.96352
"2620",NA,NA,NA
"2621","S1P2.C2",0.00385,-0.30012
"2622",NA,NA,NA
"2623","S2P8.C2",-0.000266,1.68525
"2624",NA,NA,NA
"2625","S1P5.C1",-0.00984,-0.31459
"2626",NA,NA,NA
"2627","S2P1.C1",0.00696,10.98493
"2628",NA,NA,NA
"2629","S2P7.C1",0.00733,1.70308
"2630",NA,NA,NA
"2631","S1P2.C2",-0.000385,-0.28588
"2632",NA,NA,NA
"2633","S2P8.C2",-0.00824,1.71021
"2634",NA,NA,NA
"2635","S1P5.C1",0.00417,-0.30031
"2636",NA,NA,NA
"2637","S2P1.C1",0.00329,11.07749
"2638",NA,NA,NA
"2639","S2P7.C1",0.01001,1.7244
"2640",NA,NA,NA
"2641","S1P2.C2",0.00416,-0.2681
"2642",NA,NA,NA
"2643","S2P8.C2",0.00648,1.73153
"2644",NA,NA,NA
"2645","S1P5.C1",0.00804,-0.28608
"2646",NA,NA,NA
"2647","S2P1.C1",-0.01522,11.17012
"2648",NA,NA,NA
"2649","S2P7.C1",-0.01102,1.74578
"2650",NA,NA,NA
"2651","S1P2.C2",-0.00963,-0.25382
"2652",NA,NA,NA
"2653","S2P8.C2",-0.00824,1.75291
"2654",NA,NA,NA
"2655","S1P5.C1",0.00949,-0.26829
"2656",NA,NA,NA
"2657","S2P1.C1",-0.00782,11.26273
"2658",NA,NA,NA
"2659","S2P7.C1",-0.00305,1.76714
"2660",NA,NA,NA
"2661","S1P2.C2",-0.0109,-0.23958
"2662",NA,NA,NA
"2663","S2P8.C2",-0.0037,1.77427
"2664",NA,NA,NA
"2665","S1P5.C1",-0.00744,-0.25402
"2666",NA,NA,NA
"2667","S2P1.C1",0.01686,11.37456
"2668",NA,NA,NA
"2669","S2P7.C1",-0.00236,1.79205
"2670",NA,NA,NA
"2671","S1P2.C2",0.00144,-0.22535
"2672",NA,NA,NA
"2673","S2P8.C2",0.000691,1.79918
"2674",NA,NA,NA
"2675","S1P5.C1",0.00598,-0.23978
"2676",NA,NA,NA
"2677","S2P1.C1",0.0023,11.46711
"2678",NA,NA,NA
"2679","S2P7.C1",-0.000591,1.8134
"2680",NA,NA,NA
"2681","S1P2.C2",0.0106,-0.21111
"2682",NA,NA,NA
"2683","S2P8.C2",-0.00843,1.82053
"2684",NA,NA,NA
"2685","S1P5.C1",0.00427,-0.22554
"2686",NA,NA,NA
"2687","S2P1.C1",0.00886,11.55962
"2688",NA,NA,NA
"2689","S2P7.C1",-0.00381,1.83478
"2690",NA,NA,NA
"2691","S1P2.C2",0.01736,-0.19688
"2692",NA,NA,NA
"2693","S2P8.C2",0.01233,1.84191
"2694",NA,NA,NA
"2695","S1P5.C1",-0.00527,-0.21131
"2696",NA,NA,NA
"2697","S2P1.C1",0.00906,11.65223
"2698",NA,NA,NA
"2699","S2P7.C1",-0.000648,1.85613
"2700",NA,NA,NA
"2701","S1P2.C2",0.01058,-0.17911
"2702",NA,NA,NA
"2703","S2P8.C2",-0.01451,1.86326
"2704",NA,NA,NA
"2705","S1P5.C1",-0.00792,-0.19707
"2706",NA,NA,NA
"2707","S2P1.C1",-0.00672,11.7448
"2708",NA,NA,NA
"2709","S2P7.C1",0.0109,1.88108
"2710",NA,NA,NA
"2711","S1P2.C2",0.000357,-0.16487
"2712",NA,NA,NA
"2713","S2P8.C2",-0.0168,1.88821
"2714",NA,NA,NA
"2715","S1P5.C1",0.00441,-0.17931
"2716",NA,NA,NA
"2717","S2P1.C1",0.01537,11.8373
"2718",NA,NA,NA
"2719","S2P7.C1",-0.000452,1.90244
"2720",NA,NA,NA
"2721","S1P2.C2",-0.01188,-0.15064
"2722",NA,NA,NA
"2723","S2P8.C2",0.0186,1.90957
"2724",NA,NA,NA
"2725","S1P5.C1",-0.0133,-0.16507
"2726",NA,NA,NA
"2727","S2P1.C1",-0.00908,11.92984
"2728",NA,NA,NA
"2729","S2P7.C1",0.0036,1.92383
"2730",NA,NA,NA
"2731","S1P2.C2",0.00132,-0.1364
"2732",NA,NA,NA
"2733","S2P8.C2",0.000552,1.93097
"2734",NA,NA,NA
"2735","S1P5.C1",0.0198,-0.15083
"2736",NA,NA,NA
"2737","S2P1.C1",0.0094,12.02241
"2738",NA,NA,NA
"2739","S2P7.C1",-0.0064,1.9452
"2740",NA,NA,NA
"2741","S1P2.C2",0.01023,-0.12216
"2742",NA,NA,NA
"2743","S2P8.C2",0.01652,1.95233
"2744",NA,NA,NA
"2745","S1P5.C1",-0.00373,-0.1366
"2746",NA,NA,NA
"2747","S2P1.C1",0.01204,12.11506
"2748",NA,NA,NA
"2749","S2P7.C1",-0.00318,1.97013
"2750",NA,NA,NA
"2751","S1P2.C2",-0.00476,-0.10792
"2752",NA,NA,NA
"2753","S2P8.C2",-0.00165,1.97726
"2754",NA,NA,NA
"2755","S1P5.C1",0.00291,-0.12236
"2756",NA,NA,NA
"2757","S2P1.C1",0.0162,12.20766
"2758",NA,NA,NA
"2759","S2P7.C1",0.00112,1.99148
"2760",NA,NA,NA
"2761","S1P2.C2",0.00984,-0.09015
"2762",NA,NA,NA
"2763","S2P8.C2",0.00134,1.99862
"2764",NA,NA,NA
"2765","S1P5.C1",0.00664,-0.10811
"2766",NA,NA,NA
"2767","S2P1.C1",0.00791,12.30024
"2768",NA,NA,NA
"2769","S2P7.C1",0.01119,2.01278
"2770",NA,NA,NA
"2771","S1P2.C2",0.00842,-0.07589
"2772",NA,NA,NA
"2773","S1P5.C1",0.00348,-0.09035
"2774",NA,NA,NA
"2775","S2P1.C1",0.00442,12.99633
"2776",NA,NA,NA
"2777","S1P2.C2",-0.01429,-0.06161
"2778",NA,NA,NA
"2779","S1P5.C1",0.00757,-0.07609
"2780",NA,NA,NA
"2781","S2P1.C1",-0.00981,13.08892
"2782",NA,NA,NA
"2783","S1P2.C2",0.00928,-0.04735
"2784",NA,NA,NA
"2785","S1P5.C1",0.01398,-0.06181
"2786",NA,NA,NA
"2787","S2P1.C1",0.01465,13.18146
"2788",NA,NA,NA
"2789","S1P2.C2",0.00235,-0.03307
"2790",NA,NA,NA
"2791","S1P5.C1",0.00134,-0.04753
"2792",NA,NA,NA
"2793","S2P1.C1",0.00906,13.274
"2794",NA,NA,NA
"2795","S1P2.C2",0.00429,-0.01878
"2796",NA,NA,NA
"2797","S1P5.C1",-0.00233,-0.03326
"2798",NA,NA,NA
"2799","S2P1.C1",0.00756,13.3665
"2800",NA,NA,NA
"2801","S1P2.C2",-0.00405,-0.000972
"2802",NA,NA,NA
"2803","S1P5.C1",0.00719,-0.01898
"2804",NA,NA,NA
"2805","S2P1.C1",-0.0082,13.45898
"2806",NA,NA,NA
"2807","S1P2.C2",0.00496,0.01329
"2808",NA,NA,NA
"2809","S1P5.C1",0.00361,-0.00117
"2810",NA,NA,NA
"2811","S2P1.C1",0.0013,13.55154
"2812",NA,NA,NA
"2813","S1P2.C2",0.00301,0.02757
"2814",NA,NA,NA
"2815","S1P5.C1",-0.000151,0.01309
"2816",NA,NA,NA
"2817","S2P1.C1",0.00172,13.64404
"2818",NA,NA,NA
"2819","S1P2.C2",0.00883,0.04183
"2820",NA,NA,NA
"2821","S1P5.C1",0.00535,0.02737
"2822",NA,NA,NA
"2823","S2P1.C1",-0.00224,13.73664
"2824",NA,NA,NA
"2825","S1P2.C2",0.00553,0.05609
"2826",NA,NA,NA
"2827","S1P5.C1",4.06e-06,0.04164
"2828",NA,NA,NA
"2829","S2P1.C1",0.01106,13.82926
"2830",NA,NA,NA
"2831","S1P2.C2",-0.00228,0.07037
"2832",NA,NA,NA
"2833","S1P5.C1",-0.00726,0.0559
"2834",NA,NA,NA
"2835","S2P1.C1",0.00512,13.92183
"2836",NA,NA,NA
"2837","S1P2.C2",0.00528,0.08818
"2838",NA,NA,NA
"2839","S1P5.C1",0.00831,0.07017
"2840",NA,NA,NA
"2841","S2P1.C1",-0.0014,14.01441
"2842",NA,NA,NA
"2843","S1P2.C2",0.00226,0.10241
"2844",NA,NA,NA
"2845","S1P5.C1",-0.00267,0.08799
"2846",NA,NA,NA
"2847","S2P1.C1",-0.01298,14.10698
"2848",NA,NA,NA
"2849","S1P2.C2",-0.01545,0.11668
"2850",NA,NA,NA
"2851","S1P5.C1",-0.00617,0.10222
"2852",NA,NA,NA
"2853","S2P1.C1",-0.00316,14.19951
"2854",NA,NA,NA
"2855","S1P2.C2",-0.000995,0.13095
"2856",NA,NA,NA
"2857","S1P5.C1",-0.00225,0.11649
"2858",NA,NA,NA
"2859","S2P1.C1",0.00169,14.29204
"2860",NA,NA,NA
"2861","S1P2.C2",-0.00317,0.14522
"2862",NA,NA,NA
"2863","S1P5.C1",-0.00768,0.13076
"2864",NA,NA,NA
"2865","S2P1.C1",0.00118,14.38451
"2866",NA,NA,NA
"2867","S1P2.C2",0.00861,0.15949
"2868",NA,NA,NA
"2869","S1P5.C1",-0.00906,0.14503
"2870",NA,NA,NA
"2871","S2P1.C1",0.01161,14.47713
"2872",NA,NA,NA
"2873","S1P2.C2",0.000121,0.17731
"2874",NA,NA,NA
"2875","S1P5.C1",0.01148,0.15931
"2876",NA,NA,NA
"2877","S2P1.C1",0.00764,14.56968
"2878",NA,NA,NA
"2879","S1P2.C2",0.00012,0.1916
"2880",NA,NA,NA
"2881","S1P5.C1",0.00959,0.17713
"2882",NA,NA,NA
"2883","S2P1.C1",5.13e-05,14.66223
"2884",NA,NA,NA
"2885","S1P2.C2",0.00939,0.20587
"2886",NA,NA,NA
"2887","S1P5.C1",0.00107,0.1914
"2888",NA,NA,NA
"2889","S2P1.C1",0.00612,14.75469
"2890",NA,NA,NA
"2891","S1P2.C2",0.000396,0.22014
"2892",NA,NA,NA
"2893","S1P5.C1",-0.00866,0.20568
"2894",NA,NA,NA
"2895","S2P1.C1",-0.00104,14.84712
"2896",NA,NA,NA
"2897","S1P2.C2",-0.00545,0.23441
"2898",NA,NA,NA
"2899","S1P5.C1",0.01576,0.21995
"2900",NA,NA,NA
"2901","S2P1.C1",0.00797,14.93965
"2902",NA,NA,NA
"2903","S1P2.C2",0.0172,0.24868
"2904",NA,NA,NA
"2905","S1P5.C1",0.00153,0.23422
"2906",NA,NA,NA
"2907","S2P1.C1",0.00471,15.0322
"2908",NA,NA,NA
"2909","S1P2.C2",-0.00309,0.26648
"2910",NA,NA,NA
"2911","S1P5.C1",0.00191,0.2485
"2912",NA,NA,NA
"2913","S2P1.C1",0.00564,15.12479
"2914",NA,NA,NA
"2915","S1P2.C2",0.019,0.28075
"2916",NA,NA,NA
"2917","S1P5.C1",-0.01234,0.2663
"2918",NA,NA,NA
"2919","S2P1.C1",0.000881,15.21609
"2920",NA,NA,NA
"2921","S1P2.C2",0.00825,0.29502
"2922",NA,NA,NA
"2923","S1P5.C1",0.00752,0.28057
"2924",NA,NA,NA
"2925","S2P1.C1",0.00154,15.30869
"2926",NA,NA,NA
"2927","S1P2.C2",-0.000791,0.30929
"2928",NA,NA,NA
"2929","S1P5.C1",-0.00172,0.29484
"2930",NA,NA,NA
"2931","S2P1.C1",-0.01012,15.40131
"2932",NA,NA,NA
"2933","S1P2.C2",0.000321,0.33177
"2934",NA,NA,NA
"2935","S1P5.C1",-0.00249,0.30911
"2936",NA,NA,NA
"2937","S2P1.C1",0.000299,15.49392
"2938",NA,NA,NA
"2939","S1P2.C2",0.0055,0.34604
"2940",NA,NA,NA
"2941","S1P5.C1",0.0021,0.3316
"2942",NA,NA,NA
"2943","S2P1.C1",-0.00495,15.58652
"2944",NA,NA,NA
"2945","S1P2.C2",-0.00134,0.36731
"2946",NA,NA,NA
"2947","S1P5.C1",-0.000409,0.34586
"2948",NA,NA,NA
"2949","S2P1.C1",-0.00179,15.67896
"2950",NA,NA,NA
"2951","S1P2.C2",0.00601,0.38157
"2952",NA,NA,NA
"2953","S1P5.C1",-0.00563,0.36713
"2954",NA,NA,NA
"2955","S2P1.C1",-0.00121,15.7716
"2956",NA,NA,NA
"2957","S1P2.C2",0.00327,0.40652
"2958",NA,NA,NA
"2959","S1P5.C1",-0.015,0.38139
"2960",NA,NA,NA
"2961",NA,NA,NA
"2962","S1P2.C2",-0.00362,0.42076
"2963",NA,NA,NA
"2964","S1P5.C1",0.00347,0.40633
"2965",NA,NA,NA
"2966","S2P1.C1",0.00541,15.95685
"2967",NA,NA,NA
"2968","S1P2.C2",0.01742,0.44205
"2969",NA,NA,NA
"2970","S1P5.C1",-0.00606,0.42058
"2971",NA,NA,NA
"2972","S2P1.C1",-0.00728,16.02764
"2973",NA,NA,NA
"2974","S1P2.C2",0.01222,0.45628
"2975",NA,NA,NA
"2976","S1P5.C1",0.00912,0.44188
"2977",NA,NA,NA
"2978","S2P1.C1",0.01944,16.1203
"2979",NA,NA,NA
"2980","S1P2.C2",0.007,0.48117
"2981",NA,NA,NA
"2982","S1P5.C1",0.01529,0.45611
"2983",NA,NA,NA
"2984","S2P1.C1",-0.01149,16.21288
"2985",NA,NA,NA
"2986","S1P2.C2",0.00757,0.49541
"2987",NA,NA,NA
"2988","S1P5.C1",0.00492,0.481
"2989",NA,NA,NA
"2990","S2P1.C1",0.000404,16.35304
"2991",NA,NA,NA
"2992","S1P2.C2",-0.01573,0.51667
"2993",NA,NA,NA
"2994","S1P5.C1",0.00212,0.49523
"2995",NA,NA,NA
"2996","S2P1.C1",8.61e-05,16.4948
"2997",NA,NA,NA
"2998","S1P2.C2",-0.00486,0.53091
"2999",NA,NA,NA
"3000","S1P5.C1",-0.00603,0.51648
"3001",NA,NA,NA
"3002","S2P1.C1",0.000636,16.6366
"3003",NA,NA,NA
"3004","S1P2.C2",-0.01519,0.55584
"3005",NA,NA,NA
"3006","S1P5.C1",0.00745,0.53073
"3007",NA,NA,NA
"3008","S2P1.C1",0.00066,16.77836
"3009",NA,NA,NA
"3010","S1P2.C2",0.00291,0.57006
"3011",NA,NA,NA
"3012","S1P5.C1",0.0169,0.55566
"3013",NA,NA,NA
"3014","S2P1.C1",0.000118,16.92005
"3015",NA,NA,NA
"3016","S1P2.C2",0.00024,0.59131
"3017",NA,NA,NA
"3018","S1P5.C1",-0.00762,0.56988
"3019",NA,NA,NA
"3020","S2P1.C1",-0.000463,17.0617
"3021",NA,NA,NA
"3022","S1P2.C2",-0.00967,0.60554
"3023",NA,NA,NA
"3024","S1P5.C1",0.00357,0.59113
"3025",NA,NA,NA
"3026","S2P1.C1",0.00069,17.20338
"3027",NA,NA,NA
"3028","S1P2.C2",0.01048,0.63044
"3029",NA,NA,NA
"3030","S1P5.C1",0.00549,0.60537
"3031",NA,NA,NA
"3032","S2P1.C1",-0.000113,17.34508
"3033",NA,NA,NA
"3034","S1P2.C2",-0.01137,0.64466
"3035",NA,NA,NA
"3036","S1P5.C1",-0.00947,0.63027
"3037",NA,NA,NA
"3038","S1P2.C2",0.01,0.66591
"3039",NA,NA,NA
"3040","S1P5.C1",0.00135,0.64448
"3041",NA,NA,NA
"3042","S1P2.C2",0.01446,0.68014
"3043",NA,NA,NA
"3044","S1P5.C1",0.00851,0.66573
"3045",NA,NA,NA
"3046","S1P2.C2",7.44e-05,0.70506
"3047",NA,NA,NA
"3048","S1P5.C1",0.01705,0.67995
"3049",NA,NA,NA
"3050","S1P2.C2",-0.00295,0.71927
"3051",NA,NA,NA
"3052","S1P5.C1",0.00421,0.70488
"3053",NA,NA,NA
"3054","S1P2.C2",-0.00079,0.74059
"3055",NA,NA,NA
"3056","S1P5.C1",0.00306,0.7191
"3057",NA,NA,NA
"3058","S1P2.C2",0.02175,0.75481
"3059",NA,NA,NA
"3060","S1P5.C1",-0.00268,0.74041
"3061",NA,NA,NA
"3062","S1P2.C2",-0.00114,0.77971
"3063",NA,NA,NA
"3064","S1P5.C1",-0.00181,0.75464
"3065",NA,NA,NA
"3066","S1P2.C2",-0.00584,0.79399
"3067",NA,NA,NA
"3068","S1P5.C1",0.000775,0.77953
"3069",NA,NA,NA
"3070","S1P2.C2",-0.0085,0.81529
"3071",NA,NA,NA
"3072","S1P5.C1",-0.0101,0.7938
"3073",NA,NA,NA
"3074","S1P2.C2",0.00555,0.82955
"3075",NA,NA,NA
"3076","S1P5.C1",-0.00179,0.8151
"3077",NA,NA,NA
"3078","S1P2.C2",-0.00673,0.85446
"3079",NA,NA,NA
"3080","S1P5.C1",0.0131,0.82936
"3081",NA,NA,NA
"3082","S1P2.C2",-0.00582,0.86872
"3083",NA,NA,NA
"3084","S1P5.C1",-0.0022,0.85427
"3085",NA,NA,NA
"3086","S1P2.C2",0.00636,0.89005
"3087",NA,NA,NA
"3088","S1P5.C1",0.00575,0.86853
"3089",NA,NA,NA
"3090","S1P2.C2",0.00208,0.90431
"3091",NA,NA,NA
"3092","S1P5.C1",-0.000726,0.88986
"3093",NA,NA,NA
"3094","S1P2.C2",0.00678,0.92925
"3095",NA,NA,NA
"3096","S1P5.C1",-0.00911,0.90412
"3097",NA,NA,NA
"3098","S1P2.C2",0.01239,0.94351
"3099",NA,NA,NA
"3100","S1P5.C1",-0.0033,0.92906
"3101",NA,NA,NA
"3102","S1P2.C2",-0.00324,0.96492
"3103",NA,NA,NA
"3104","S1P5.C1",0.01127,0.94332
"3105",NA,NA,NA
"3106","S1P2.C2",0.00569,0.97919
"3107",NA,NA,NA
"3108","S1P5.C1",0.00799,0.96473
"3109",NA,NA,NA
"3110","S1P2.C2",-0.00344,1.04209
"3111",NA,NA,NA
"3112","S1P5.C1",-0.00229,0.979
"3113",NA,NA,NA
"3114","S1P2.C2",0.01348,1.08493
"3115",NA,NA,NA
"3116","S1P5.C1",0.01104,1.02762
"3117",NA,NA,NA
"3118","S1P2.C2",0.00205,1.13127
"3119",NA,NA,NA
"3120","S1P5.C1",-0.0142,1.07046
"3121",NA,NA,NA
"3122","S1P2.C2",0.00622,1.17411
"3123",NA,NA,NA
"3124","S1P5.C1",-0.000928,1.11681
"3125",NA,NA,NA
"3126","S1P2.C2",-0.00221,1.22043
"3127",NA,NA,NA
"3128","S1P5.C1",0.00763,1.15965
"3129",NA,NA,NA
"3130","S1P2.C2",-0.0178,1.26324
"3131",NA,NA,NA
"3132","S1P5.C1",0.00118,1.20601
"3133",NA,NA,NA
"3134","S1P2.C2",-0.00513,1.34006
"3135",NA,NA,NA
"3136","S1P5.C1",0.01413,1.24878
"3137",NA,NA,NA
"3138","S1P2.C2",-0.0105,1.37569
"3139",NA,NA,NA
"3140","S1P5.C1",-0.00672,1.29514
"3141",NA,NA,NA
"3142","S1P2.C2",0.0097,1.41486
"3143",NA,NA,NA
"3144","S1P5.C1",-0.00204,1.33987
"3145",NA,NA,NA
"3146","S1P2.C2",0.01054,1.45056
"3147",NA,NA,NA
"3148","S1P5.C1",-0.0018,1.37552
"3149",NA,NA,NA
"3150","S1P2.C2",-0.00276,1.48972
"3151",NA,NA,NA
"3152","S1P5.C1",-0.01543,1.41468
"3153",NA,NA,NA
"3154","S1P2.C2",-0.00989,1.52536
"3155",NA,NA,NA
"3156","S1P5.C1",0.01091,1.45037
"3157",NA,NA,NA
"3158","S1P2.C2",0.00444,1.56456
"3159",NA,NA,NA
"3160","S1P5.C1",-0.00306,1.48955
"3161",NA,NA,NA
"3162","S1P2.C2",-0.00406,1.6002
"3163",NA,NA,NA
"3164","S1P5.C1",0.00579,1.52517
"3165",NA,NA,NA
"3166","S1P2.C2",-0.01463,1.63939
"3167",NA,NA,NA
"3168","S1P5.C1",0.02343,1.56438
"3169",NA,NA,NA
"3170","S1P2.C2",-0.00368,1.67499
"3171",NA,NA,NA
"3172","S1P5.C1",0.01142,1.60001
"3173",NA,NA,NA
"3174","S1P2.C2",-0.00076,1.71414
"3175",NA,NA,NA
"3176","S1P5.C1",0.03032,1.63921
"3177",NA,NA,NA
"3178","S1P2.C2",0.00695,1.74976
"3179",NA,NA,NA
"3180","S1P5.C1",0.00371,1.67481
"3181",NA,NA,NA
"3182","S1P2.C2",0.00486,1.78892
"3183",NA,NA,NA
"3184","S1P5.C1",0.01322,1.71396
"3185",NA,NA,NA
"3186","S1P2.C2",0.000169,1.82458
"3187",NA,NA,NA
"3188","S1P5.C1",0.0061,1.74957
"3189",NA,NA,NA
"3190","S1P2.C2",0.02262,1.86376
"3191",NA,NA,NA
"3192","S1P5.C1",0.00767,1.78875
"3193",NA,NA,NA
"3194","S1P2.C2",-0.00767,1.89942
"3195",NA,NA,NA
"3196","S1P5.C1",-0.00784,1.8244
"3197",NA,NA,NA
"3198","S1P2.C2",0.000123,1.93867
"3199",NA,NA,NA
"3200","S1P5.C1",-0.00457,1.86359
"3201",NA,NA,NA
"3202","S1P2.C2",0.0086,1.97431
"3203",NA,NA,NA
"3204","S1P5.C1",-0.01045,1.89924
"3205","S1P5.C1",-0.01045,1.93848
"3206","S1P5.C1",-0.00502,1.93848
"3207","S1P5.C1",-0.00502,1.97413
"3208","S1P5.C1",-0.00761,1.97413
