KO,module
K00001,turquoise
K00003,yellow
K00004,grey
K00008,black
K00009,red
K00010,grey
K00012,grey
K00013,turquoise
K00014,turquoise
K00015,brown
K00016,green
K00018,yellow
K00019,grey
K00020,brown
K00021,grey
K00023,brown
K00024,grey
K00026,red
K00027,red
K00029,blue
K00030,grey
K00031,grey
K00033,turquoise
K00034,brown
K00036,turquoise
K00038,green
K00042,brown
K00046,turquoise
K00050,grey
K00052,turquoise
K00053,yellow
K00054,yellow
K00055,black
K00057,grey
K00058,brown
K00059,grey
K00060,yellow
K00064,green
K00065,green
K00066,pink
K00067,turquoise
K00074,red
K00075,turquoise
K00076,green
K00077,blue
K00087,brown
K00088,grey
K00090,brown
K00091,turquoise
K00096,red
K00097,turquoise
K00099,grey
K00100,black
K00101,blue
K00102,turquoise
K00104,blue
K00108,blue
K00111,blue
K00113,yellow
K00114,brown
K00116,blue
K00117,brown
K00118,black
K00121,brown
K00122,yellow
K00123,brown
K00124,brown
K00126,yellow
K00127,brown
K00128,pink
K00130,grey
K00131,blue
K00132,blue
K00133,turquoise
K00134,red
K00135,grey
K00137,blue
K00138,grey
K00140,pink
K00141,blue
K00145,turquoise
K00146,brown
K00147,grey
K00148,black
K00150,magenta
K00151,grey
K00153,green
K00154,brown
K00156,black
K00158,black
K00161,green
K00162,green
K00163,grey
K00164,blue
K00166,blue
K00167,blue
K00169,brown
K00170,brown
K00171,brown
K00172,green
K00174,grey
K00175,brown
K00179,turquoise
K00180,yellow
K00184,brown
K00185,brown
K00198,yellow
K00200,yellow
K00201,green
K00202,grey
K00203,brown
K00208,grey
K00215,turquoise
K00217,green
K00219,brown
K00220,red
K00226,yellow
K00227,grey
K00228,yellow
K00230,yellow
K00231,turquoise
K00232,red
K00239,grey
K00240,grey
K00241,blue
K00242,blue
K00243,blue
K00244,brown
K00245,brown
K00246,brown
K00247,brown
K00248,red
K00249,grey
K00252,brown
K00253,blue
K00254,blue
K00256,grey
K00257,blue
K00259,grey
K00260,grey
K00261,turquoise
K00262,blue
K00263,pink
K00265,yellow
K00266,turquoise
K00271,red
K00274,green
K00275,blue
K00276,green
K00278,black
K00281,blue
K00282,turquoise
K00283,turquoise
K00284,grey
K00285,blue
K00286,turquoise
K00287,yellow
K00290,grey
K00294,pink
K00297,turquoise
K00299,red
K00301,green
K00302,blue
K00303,black
K00311,blue
K00313,black
K00315,yellow
K00316,brown
K00318,red
K00320,grey
K00322,blue
K00324,blue
K00325,turquoise
K00330,grey
K00331,grey
K00332,turquoise
K00333,turquoise
K00334,blue
K00335,grey
K00336,pink
K00337,turquoise
K00338,turquoise
K00339,turquoise
K00340,blue
K00341,grey
K00342,turquoise
K00343,turquoise
K00344,green
K00346,yellow
K00347,yellow
K00348,yellow
K00356,green
K00362,yellow
K00363,blue
K00364,grey
K00365,red
K00366,yellow
K00367,yellow
K00368,pink
K00370,pink
K00371,pink
K00372,yellow
K00373,yellow
K00374,yellow
K00375,grey
K00376,yellow
K00380,yellow
K00381,brown
K00382,grey
K00383,blue
K00384,grey
K00389,grey
K00390,yellow
K00392,pink
K00394,turquoise
K00395,turquoise
K00404,blue
K00405,blue
K00406,blue
K00407,blue
K00410,brown
K00411,brown
K00412,grey
K00413,blue
K00425,turquoise
K00426,turquoise
K00428,grey
K00432,grey
K00433,grey
K00435,yellow
K00441,green
K00446,blue
K00448,blue
K00449,brown
K00450,green
K00451,brown
K00452,yellow
K00453,blue
K00456,yellow
K00457,blue
K00459,turquoise
K00463,green
K00466,grey
K00469,grey
K00472,brown
K00479,grey
K00480,black
K00481,yellow
K00483,green
K00486,grey
K00493,red
K00496,red
K00499,green
K00500,brown
K00504,green
K00505,brown
K00507,brown
K00508,black
K00517,grey
K00518,black
K00520,yellow
K00523,blue
K00525,grey
K00526,grey
K00527,magenta
K00528,grey
K00529,turquoise
K00537,blue
K00540,turquoise
K00547,green
K00548,grey
K00549,pink
K00554,turquoise
K00558,blue
K00560,grey
K00563,grey
K00564,grey
K00566,turquoise
K00567,black
K00568,grey
K00570,brown
K00571,turquoise
K00573,grey
K00574,turquoise
K00575,blue
K00588,grey
K00590,green
K00595,green
K00598,yellow
K00600,turquoise
K00602,turquoise
K00604,turquoise
K00605,turquoise
K00606,turquoise
K00609,turquoise
K00611,grey
K00612,blue
K00615,grey
K00616,turquoise
K00619,turquoise
K00620,turquoise
K00625,turquoise
K00626,pink
K00627,blue
K00631,grey
K00632,blue
K00635,turquoise
K00639,blue
K00640,turquoise
K00641,turquoise
K00643,yellow
K00645,grey
K00647,blue
K00648,grey
K00651,grey
K00652,turquoise
K00655,turquoise
K00656,brown
K00658,grey
K00661,grey
K00662,green
K00663,yellow
K00666,blue
K00672,grey
K00673,blue
K00674,turquoise
K00675,green
K00677,turquoise
K00680,yellow
K00681,brown
K00683,grey
K00684,blue
K00685,brown
K00688,turquoise
K00690,green
K00694,black
K00696,yellow
K00697,black
K00698,red
K00700,black
K00702,yellow
K00703,turquoise
K00705,green
K00720,black
K00721,grey
K00729,green
K00748,turquoise
K00752,pink
K00754,green
K00756,grey
K00757,grey
K00758,red
K00759,turquoise
K00760,grey
K00761,blue
K00762,turquoise
K00763,blue
K00764,black
K00765,black
K00766,turquoise
K00767,grey
K00768,turquoise
K00769,yellow
K00772,green
K00773,turquoise
K00777,grey
K00782,green
K00783,blue
K00784,magenta
K00786,magenta
K00788,turquoise
K00789,grey
K00790,grey
K00791,blue
K00793,turquoise
K00794,turquoise
K00795,blue
K00796,blue
K00797,brown
K00798,green
K00799,brown
K00800,turquoise
K00801,green
K00803,green
K00805,red
K00806,turquoise
K00808,brown
K00809,turquoise
K00812,turquoise
K00813,yellow
K00817,turquoise
K00818,turquoise
K00819,green
K00820,black
K00821,blue
K00822,blue
K00823,grey
K00824,yellow
K00826,grey
K00827,yellow
K00830,brown
K00831,blue
K00832,blue
K00833,turquoise
K00836,red
K00837,turquoise
K00839,green
K00845,turquoise
K00847,green
K00848,yellow
K00849,red
K00850,turquoise
K00851,red
K00852,grey
K00853,grey
K00854,grey
K00855,brown
K00856,grey
K00857,grey
K00858,turquoise
K00859,turquoise
K00860,grey
K00864,blue
K00865,grey
K00867,green
K00868,green
K00869,grey
K00872,turquoise
K00873,grey
K00874,green
K00876,blue
K00882,red
K00886,red
K00891,turquoise
K00901,blue
K00906,yellow
K00912,turquoise
K00919,brown
K00924,brown
K00925,turquoise
K00926,green
K00927,turquoise
K00928,turquoise
K00930,turquoise
K00931,turquoise
K00936,green
K00937,turquoise
K00939,grey
K00940,turquoise
K00941,turquoise
K00942,grey
K00943,turquoise
K00945,grey
K00946,turquoise
K00947,green
K00948,yellow
K00949,grey
K00950,grey
K00951,turquoise
K00954,turquoise
K00955,grey
K00956,red
K00957,grey
K00958,turquoise
K00962,grey
K00963,grey
K00965,turquoise
K00966,blue
K00969,pink
K00970,blue
K00971,black
K00972,red
K00973,turquoise
K00974,green
K00975,pink
K00978,brown
K00979,brown
K00980,red
K00981,turquoise
K00982,blue
K00983,turquoise
K00986,brown
K00989,blue
K00990,yellow
K00991,turquoise
K00992,yellow
K00995,grey
K00996,yellow
K00997,turquoise
K01000,turquoise
K01002,grey
K01003,green
K01004,green
K01006,turquoise
K01007,brown
K01008,grey
K01011,black
K01012,turquoise
K01014,magenta
K01026,yellow
K01027,yellow
K01028,yellow
K01029,grey
K01031,brown
K01032,brown
K01034,brown
K01035,blue
K01039,green
K01040,yellow
K01042,green
K01046,grey
K01048,yellow
K01051,grey
K01053,brown
K01055,yellow
K01056,brown
K01057,turquoise
K01058,yellow
K01060,green
K01061,brown
K01066,green
K01067,red
K01069,grey
K01070,blue
K01075,yellow
K01077,green
K01078,yellow
K01079,turquoise
K01081,red
K01082,green
K01083,pink
K01086,yellow
K01087,black
K01089,yellow
K01090,pink
K01091,turquoise
K01092,turquoise
K01095,turquoise
K01104,grey
K01113,grey
K01114,green
K01115,black
K01118,yellow
K01119,red
K01120,green
K01126,turquoise
K01129,blue
K01130,brown
K01133,grey
K01137,brown
K01138,green
K01139,blue
K01142,black
K01147,turquoise
K01151,turquoise
K01153,turquoise
K01154,turquoise
K01156,turquoise
K01159,turquoise
K01166,grey
K01167,brown
K01173,brown
K01174,green
K01176,grey
K01178,green
K01179,brown
K01181,brown
K01182,red
K01183,grey
K01185,grey
K01187,red
K01190,green
K01191,grey
K01192,grey
K01194,black
K01198,grey
K01201,grey
K01206,grey
K01207,turquoise
K01209,brown
K01210,grey
K01218,brown
K01222,grey
K01224,yellow
K01225,grey
K01233,grey
K01235,brown
K01236,black
K01239,grey
K01241,blue
K01243,blue
K01246,red
K01247,green
K01250,yellow
K01251,grey
K01253,green
K01255,turquoise
K01256,red
K01258,yellow
K01259,green
K01262,grey
K01263,yellow
K01264,black
K01265,grey
K01266,black
K01267,blue
K01270,turquoise
K01271,brown
K01273,brown
K01277,yellow
K01278,brown
K01279,yellow
K01281,green
K01283,brown
K01284,yellow
K01286,brown
K01295,black
K01297,turquoise
K01299,green
K01301,brown
K01302,grey
K01303,brown
K01304,green
K01305,green
K01312,grey
K01318,brown
K01322,turquoise
K01336,red
K01338,grey
K01342,brown
K01354,magenta
K01356,grey
K01358,grey
K01363,grey
K01365,grey
K01369,grey
K01372,green
K01373,brown
K01392,brown
K01406,brown
K01409,turquoise
K01414,blue
K01415,red
K01417,brown
K01419,turquoise
K01420,pink
K01421,grey
K01424,brown
K01425,brown
K01426,green
K01428,pink
K01429,magenta
K01430,pink
K01432,yellow
K01433,turquoise
K01434,red
K01436,turquoise
K01438,blue
K01439,pink
K01442,grey
K01443,grey
K01444,brown
K01447,green
K01448,turquoise
K01451,turquoise
K01453,red
K01455,brown
K01457,brown
K01458,black
K01459,yellow
K01462,grey
K01464,green
K01465,turquoise
K01466,yellow
K01467,blue
K01468,blue
K01469,green
K01470,green
K01473,green
K01474,brown
K01476,magenta
K01477,blue
K01478,blue
K01479,blue
K01480,pink
K01481,grey
K01482,green
K01483,brown
K01484,blue
K01485,turquoise
K01486,grey
K01487,blue
K01488,red
K01489,grey
K01491,turquoise
K01493,turquoise
K01494,pink
K01495,grey
K01496,turquoise
K01497,red
K01501,yellow
K01502,grey
K01505,grey
K01507,black
K01512,turquoise
K01515,grey
K01518,grey
K01520,turquoise
K01523,blue
K01524,turquoise
K01525,blue
K01531,turquoise
K01533,grey
K01534,blue
K01535,red
K01537,turquoise
K01539,grey
K01546,green
K01547,yellow
K01548,green
K01551,turquoise
K01555,blue
K01556,blue
K01560,brown
K01561,brown
K01563,brown
K01571,red
K01574,red
K01576,brown
K01577,brown
K01578,green
K01579,turquoise
K01580,red
K01581,green
K01583,brown
K01584,brown
K01585,brown
K01586,turquoise
K01588,turquoise
K01589,blue
K01591,turquoise
K01593,green
K01595,turquoise
K01596,red
K01598,grey
K01599,turquoise
K01601,grey
K01602,brown
K01607,brown
K01608,brown
K01609,turquoise
K01610,pink
K01611,brown
K01613,grey
K01616,red
K01617,brown
K01619,red
K01620,blue
K01621,turquoise
K01622,brown
K01623,pink
K01624,turquoise
K01625,blue
K01626,turquoise
K01627,turquoise
K01628,red
K01630,grey
K01633,turquoise
K01635,blue
K01637,pink
K01638,grey
K01640,blue
K01641,magenta
K01644,black
K01647,grey
K01649,grey
K01652,brown
K01653,grey
K01654,turquoise
K01657,turquoise
K01658,turquoise
K01659,blue
K01661,turquoise
K01662,grey
K01664,grey
K01665,grey
K01666,grey
K01667,yellow
K01669,grey
K01673,blue
K01674,yellow
K01676,turquoise
K01677,grey
K01678,yellow
K01679,green
K01681,red
K01682,blue
K01683,green
K01684,brown
K01685,brown
K01686,brown
K01687,turquoise
K01689,turquoise
K01690,blue
K01692,blue
K01693,turquoise
K01695,turquoise
K01696,turquoise
K01697,red
K01698,turquoise
K01703,grey
K01704,turquoise
K01706,yellow
K01709,green
K01710,turquoise
K01711,pink
K01712,brown
K01713,yellow
K01714,turquoise
K01715,yellow
K01716,blue
K01719,turquoise
K01720,red
K01721,brown
K01724,turquoise
K01725,yellow
K01728,brown
K01729,grey
K01733,grey
K01734,grey
K01735,turquoise
K01736,green
K01737,grey
K01738,grey
K01739,turquoise
K01740,turquoise
K01744,blue
K01745,blue
K01749,turquoise
K01750,black
K01752,brown
K01753,red
K01754,green
K01755,turquoise
K01756,turquoise
K01758,yellow
K01759,brown
K01760,yellow
K01761,yellow
K01768,pink
K01770,turquoise
K01772,turquoise
K01775,turquoise
K01776,grey
K01777,red
K01778,grey
K01779,grey
K01781,green
K01782,blue
K01783,grey
K01784,grey
K01785,grey
K01790,turquoise
K01791,blue
K01792,blue
K01795,grey
K01796,black
K01799,green
K01800,blue
K01801,yellow
K01802,grey
K01803,turquoise
K01805,brown
K01807,brown
K01808,turquoise
K01809,green
K01810,turquoise
K01811,grey
K01812,brown
K01813,green
K01814,turquoise
K01815,yellow
K01816,brown
K01817,turquoise
K01820,grey
K01821,brown
K01823,turquoise
K01825,blue
K01826,blue
K01829,blue
K01834,turquoise
K01835,green
K01838,black
K01839,black
K01840,turquoise
K01841,brown
K01843,pink
K01845,grey
K01847,pink
K01848,grey
K01849,grey
K01854,black
K01856,blue
K01857,green
K01858,red
K01866,turquoise
K01867,grey
K01868,blue
K01869,grey
K01870,turquoise
K01872,turquoise
K01873,turquoise
K01874,grey
K01875,turquoise
K01876,turquoise
K01878,blue
K01879,blue
K01880,grey
K01881,grey
K01883,red
K01885,turquoise
K01886,blue
K01887,turquoise
K01889,turquoise
K01890,turquoise
K01892,turquoise
K01893,green
K01894,yellow
K01895,blue
K01896,green
K01897,turquoise
K01902,red
K01903,grey
K01907,yellow
K01908,green
K01911,turquoise
K01912,turquoise
K01914,yellow
K01915,yellow
K01916,grey
K01918,turquoise
K01919,brown
K01920,blue
K01921,turquoise
K01923,turquoise
K01924,turquoise
K01925,turquoise
K01926,red
K01928,blue
K01929,grey
K01933,turquoise
K01934,turquoise
K01935,turquoise
K01937,grey
K01938,brown
K01939,turquoise
K01940,turquoise
K01941,yellow
K01945,turquoise
K01950,green
K01951,grey
K01952,grey
K01953,pink
K01955,turquoise
K01956,turquoise
K01958,red
K01959,blue
K01960,turquoise
K01961,turquoise
K01962,turquoise
K01963,grey
K01965,blue
K01966,red
K01968,blue
K01969,blue
K01971,black
K01972,turquoise
K01974,green
K01975,turquoise
K01989,brown
K01990,grey
K01991,pink
K01992,magenta
K01993,brown
K01995,brown
K01996,green
K01997,brown
K01998,brown
K01999,brown
K02000,blue
K02001,grey
K02002,blue
K02003,brown
K02004,turquoise
K02005,grey
K02006,turquoise
K02007,turquoise
K02008,turquoise
K02009,grey
K02010,blue
K02011,brown
K02012,brown
K02013,turquoise
K02014,brown
K02015,turquoise
K02016,turquoise
K02017,grey
K02018,turquoise
K02019,grey
K02020,turquoise
K02021,yellow
K02022,grey
K02024,yellow
K02025,brown
K02026,brown
K02027,brown
K02028,red
K02029,blue
K02030,blue
K02031,grey
K02032,grey
K02033,brown
K02034,brown
K02035,pink
K02036,grey
K02037,turquoise
K02038,turquoise
K02039,turquoise
K02040,grey
K02041,green
K02042,grey
K02044,green
K02045,yellow
K02046,yellow
K02047,yellow
K02048,yellow
K02049,brown
K02050,brown
K02051,brown
K02052,blue
K02053,yellow
K02054,blue
K02055,brown
K02056,turquoise
K02057,turquoise
K02058,brown
K02064,red
K02065,turquoise
K02066,turquoise
K02067,turquoise
K02071,yellow
K02072,yellow
K02073,blue
K02074,grey
K02075,grey
K02077,grey
K02078,grey
K02106,blue
K02108,grey
K02109,turquoise
K02110,grey
K02111,grey
K02112,grey
K02113,grey
K02114,turquoise
K02115,grey
K02116,grey
K02117,magenta
K02118,magenta
K02119,magenta
K02120,green
K02121,magenta
K02122,magenta
K02123,magenta
K02124,green
K02126,red
K02128,red
K02132,red
K02133,red
K02155,red
K02160,turquoise
K02164,yellow
K02167,blue
K02169,blue
K02170,blue
K02182,grey
K02183,grey
K02188,magenta
K02189,magenta
K02192,brown
K02193,green
K02194,green
K02195,green
K02196,yellow
K02197,brown
K02198,brown
K02199,green
K02200,yellow
K02203,blue
K02204,blue
K02217,turquoise
K02221,red
K02224,turquoise
K02226,green
K02227,turquoise
K02230,turquoise
K02232,turquoise
K02233,turquoise
K02234,yellow
K02237,grey
K02238,grey
K02256,red
K02258,blue
K02259,yellow
K02261,grey
K02262,red
K02274,pink
K02275,grey
K02276,grey
K02277,brown
K02278,brown
K02279,turquoise
K02280,turquoise
K02281,yellow
K02282,turquoise
K02283,turquoise
K02291,turquoise
K02293,black
K02297,blue
K02298,blue
K02299,blue
K02300,blue
K02301,pink
K02302,yellow
K02303,turquoise
K02304,turquoise
K02305,yellow
K02313,grey
K02314,turquoise
K02315,pink
K02316,grey
K02319,magenta
K02322,black
K02334,black
K02335,grey
K02337,turquoise
K02338,grey
K02339,yellow
K02340,turquoise
K02341,grey
K02342,turquoise
K02343,green
K02346,red
K02347,black
K02351,green
K02355,grey
K02356,grey
K02357,turquoise
K02358,grey
K02371,green
K02372,brown
K02377,green
K02379,green
K02380,yellow
K02381,green
K02386,blue
K02387,blue
K02388,blue
K02389,brown
K02390,brown
K02391,blue
K02392,blue
K02393,blue
K02394,blue
K02395,blue
K02396,blue
K02397,blue
K02398,blue
K02399,blue
K02400,blue
K02401,grey
K02402,yellow
K02403,brown
K02404,grey
K02405,brown
K02406,grey
K02407,blue
K02408,yellow
K02409,turquoise
K02410,grey
K02411,grey
K02412,grey
K02415,blue
K02416,yellow
K02417,grey
K02419,yellow
K02420,yellow
K02421,yellow
K02422,blue
K02424,grey
K02426,black
K02427,pink
K02428,turquoise
K02429,grey
K02433,grey
K02434,turquoise
K02435,turquoise
K02437,grey
K02438,pink
K02440,red
K02441,yellow
K02444,blue
K02446,red
K02448,brown
K02450,pink
K02452,yellow
K02453,brown
K02454,brown
K02455,brown
K02456,brown
K02457,blue
K02458,green
K02459,yellow
K02460,brown
K02461,yellow
K02462,green
K02463,green
K02469,grey
K02470,black
K02471,black
K02472,red
K02473,grey
K02474,turquoise
K02477,brown
K02478,yellow
K02479,grey
K02480,blue
K02481,brown
K02482,green
K02483,grey
K02484,turquoise
K02485,black
K02486,blue
K02488,green
K02490,grey
K02491,grey
K02492,turquoise
K02493,turquoise
K02494,blue
K02495,turquoise
K02496,yellow
K02498,yellow
K02499,green
K02500,turquoise
K02501,turquoise
K02502,blue
K02503,turquoise
K02509,yellow
K02510,brown
K02517,turquoise
K02518,grey
K02519,red
K02520,grey
K02523,turquoise
K02527,turquoise
K02528,grey
K02529,grey
K02533,green
K02535,brown
K02536,turquoise
K02548,turquoise
K02549,turquoise
K02551,turquoise
K02552,turquoise
K02553,blue
K02554,yellow
K02556,blue
K02557,grey
K02558,turquoise
K02563,turquoise
K02564,green
K02566,red
K02567,brown
K02568,blue
K02569,brown
K02570,yellow
K02571,blue
K02575,blue
K02584,grey
K02591,turquoise
K02600,green
K02601,grey
K02609,brown
K02610,blue
K02611,blue
K02612,grey
K02613,yellow
K02614,blue
K02616,blue
K02617,yellow
K02618,green
K02619,blue
K02621,blue
K02622,brown
K02624,yellow
K02626,turquoise
K02635,turquoise
K02636,turquoise
K02638,grey
K02650,brown
K02651,brown
K02652,brown
K02653,brown
K02654,turquoise
K02655,brown
K02656,blue
K02657,brown
K02658,brown
K02659,blue
K02660,brown
K02662,brown
K02663,brown
K02664,brown
K02665,brown
K02666,brown
K02667,brown
K02668,blue
K02669,brown
K02670,brown
K02671,brown
K02672,brown
K02674,brown
K02676,brown
K02686,brown
K02687,turquoise
K02703,green
K02736,grey
K02768,turquoise
K02770,red
K02793,grey
K02800,red
K02804,red
K02805,blue
K02806,blue
K02821,yellow
K02823,grey
K02824,blue
K02825,blue
K02827,red
K02828,red
K02829,red
K02834,turquoise
K02835,grey
K02836,turquoise
K02837,turquoise
K02838,turquoise
K02841,blue
K02843,turquoise
K02851,green
K02858,magenta
K02860,blue
K02862,grey
K02863,grey
K02864,grey
K02865,red
K02866,grey
K02867,grey
K02868,red
K02869,green
K02871,grey
K02872,red
K02873,red
K02874,grey
K02875,red
K02876,grey
K02877,black
K02878,grey
K02879,grey
K02880,red
K02881,grey
K02882,red
K02883,red
K02884,grey
K02885,grey
K02886,grey
K02887,blue
K02888,grey
K02889,black
K02890,grey
K02892,grey
K02893,red
K02895,grey
K02896,red
K02897,yellow
K02898,red
K02899,grey
K02900,red
K02901,red
K02902,brown
K02903,red
K02904,grey
K02906,grey
K02907,grey
K02908,black
K02909,grey
K02910,red
K02911,grey
K02912,red
K02913,grey
K02914,blue
K02915,red
K02916,grey
K02917,red
K02919,grey
K02921,red
K02922,red
K02924,red
K02925,red
K02926,grey
K02929,green
K02930,red
K02931,grey
K02932,red
K02933,grey
K02934,red
K02935,grey
K02936,red
K02937,red
K02938,red
K02939,grey
K02940,red
K02941,red
K02945,brown
K02946,grey
K02948,grey
K02949,red
K02950,grey
K02951,grey
K02952,red
K02953,red
K02954,grey
K02955,red
K02956,grey
K02957,red
K02958,red
K02959,grey
K02960,red
K02961,grey
K02962,red
K02963,grey
K02964,red
K02965,grey
K02966,magenta
K02967,grey
K02968,grey
K02969,red
K02970,brown
K02974,red
K02975,red
K02976,black
K02977,red
K02978,red
K02979,red
K02981,red
K02982,grey
K02983,red
K02984,red
K02985,red
K02986,grey
K02987,red
K02988,blue
K02989,red
K02990,grey
K02991,red
K02992,grey
K02993,red
K02994,grey
K02995,red
K02996,grey
K02997,red
K02998,red
K03006,grey
K03014,magenta
K03040,grey
K03041,magenta
K03043,grey
K03046,grey
K03047,magenta
K03049,black
K03051,magenta
K03053,magenta
K03056,magenta
K03057,magenta
K03058,black
K03060,grey
K03068,brown
K03070,grey
K03071,blue
K03072,turquoise
K03073,grey
K03074,grey
K03075,turquoise
K03076,grey
K03082,brown
K03086,grey
K03087,grey
K03088,pink
K03089,grey
K03090,black
K03091,red
K03092,grey
K03093,pink
K03094,grey
K03098,turquoise
K03100,turquoise
K03101,turquoise
K03106,turquoise
K03110,turquoise
K03111,grey
K03113,pink
K03116,grey
K03117,green
K03118,grey
K03119,brown
K03120,magenta
K03124,black
K03136,magenta
K03146,pink
K03147,turquoise
K03149,turquoise
K03150,turquoise
K03151,blue
K03153,green
K03154,turquoise
K03163,magenta
K03166,magenta
K03167,magenta
K03168,turquoise
K03169,blue
K03177,blue
K03178,red
K03179,yellow
K03182,brown
K03183,black
K03185,blue
K03186,grey
K03187,green
K03188,yellow
K03189,yellow
K03190,yellow
K03192,yellow
K03195,grey
K03196,yellow
K03197,yellow
K03199,yellow
K03200,yellow
K03204,green
K03205,yellow
K03208,grey
K03210,turquoise
K03215,yellow
K03216,black
K03217,grey
K03218,turquoise
K03224,grey
K03231,pink
K03232,grey
K03233,red
K03234,red
K03235,red
K03236,red
K03238,magenta
K03242,black
K03243,magenta
K03257,red
K03263,red
K03264,black
K03265,magenta
K03269,turquoise
K03270,turquoise
K03271,turquoise
K03272,blue
K03273,turquoise
K03274,turquoise
K03281,turquoise
K03282,turquoise
K03284,turquoise
K03286,brown
K03292,yellow
K03293,red
K03294,turquoise
K03296,brown
K03299,grey
K03301,pink
K03303,blue
K03305,grey
K03306,red
K03307,turquoise
K03308,grey
K03309,yellow
K03310,turquoise
K03311,blue
K03312,brown
K03313,blue
K03314,blue
K03315,grey
K03316,magenta
K03317,red
K03319,yellow
K03320,yellow
K03321,turquoise
K03322,turquoise
K03324,turquoise
K03325,turquoise
K03327,green
K03328,blue
K03333,brown
K03335,yellow
K03336,grey
K03337,brown
K03338,brown
K03342,turquoise
K03366,grey
K03379,green
K03380,pink
K03381,blue
K03383,red
K03385,yellow
K03386,grey
K03387,grey
K03388,turquoise
K03389,turquoise
K03390,yellow
K03392,green
K03394,turquoise
K03396,brown
K03402,turquoise
K03404,turquoise
K03405,turquoise
K03406,blue
K03407,brown
K03408,yellow
K03409,yellow
K03410,yellow
K03411,yellow
K03412,black
K03413,brown
K03414,blue
K03415,blue
K03417,blue
K03418,green
K03424,blue
K03426,red
K03427,turquoise
K03428,turquoise
K03429,grey
K03430,yellow
K03431,blue
K03432,pink
K03433,red
K03436,red
K03437,grey
K03438,grey
K03439,grey
K03442,red
K03446,turquoise
K03449,red
K03453,green
K03455,turquoise
K03457,blue
K03458,grey
K03464,blue
K03465,turquoise
K03466,grey
K03469,turquoise
K03470,grey
K03472,blue
K03474,turquoise
K03478,brown
K03495,turquoise
K03496,grey
K03497,grey
K03498,yellow
K03499,red
K03500,turquoise
K03501,turquoise
K03517,black
K03518,brown
K03519,brown
K03520,brown
K03521,grey
K03522,grey
K03523,blue
K03524,turquoise
K03525,grey
K03526,grey
K03527,grey
K03529,turquoise
K03530,brown
K03531,grey
K03535,blue
K03536,grey
K03543,grey
K03544,brown
K03545,grey
K03546,turquoise
K03547,turquoise
K03549,grey
K03550,turquoise
K03551,blue
K03553,grey
K03554,blue
K03555,turquoise
K03556,blue
K03557,blue
K03558,yellow
K03559,brown
K03560,brown
K03561,brown
K03562,brown
K03563,pink
K03564,turquoise
K03565,turquoise
K03566,yellow
K03567,blue
K03568,pink
K03569,brown
K03570,turquoise
K03571,blue
K03572,turquoise
K03574,turquoise
K03575,turquoise
K03576,grey
K03577,yellow
K03578,blue
K03579,green
K03580,blue
K03581,turquoise
K03582,turquoise
K03583,turquoise
K03584,turquoise
K03585,grey
K03586,blue
K03587,turquoise
K03588,red
K03589,turquoise
K03590,turquoise
K03592,brown
K03593,grey
K03594,black
K03595,turquoise
K03596,turquoise
K03597,pink
K03598,blue
K03599,blue
K03600,blue
K03601,grey
K03602,turquoise
K03605,turquoise
K03606,grey
K03607,yellow
K03608,blue
K03609,brown
K03610,green
K03611,blue
K03615,yellow
K03616,magenta
K03620,turquoise
K03621,yellow
K03622,pink
K03624,grey
K03625,turquoise
K03626,red
K03627,red
K03628,grey
K03629,turquoise
K03630,grey
K03631,turquoise
K03634,brown
K03635,black
K03636,green
K03637,grey
K03638,blue
K03639,black
K03640,brown
K03641,grey
K03642,black
K03643,blue
K03644,turquoise
K03646,turquoise
K03647,red
K03648,grey
K03649,grey
K03650,turquoise
K03651,blue
K03652,turquoise
K03654,turquoise
K03655,turquoise
K03656,blue
K03657,turquoise
K03664,grey
K03665,grey
K03666,brown
K03667,turquoise
K03668,blue
K03669,blue
K03670,grey
K03671,grey
K03672,yellow
K03673,blue
K03676,blue
K03679,magenta
K03683,blue
K03684,blue
K03685,turquoise
K03686,turquoise
K03687,grey
K03688,brown
K03690,blue
K03694,brown
K03695,black
K03696,black
K03698,brown
K03699,turquoise
K03701,turquoise
K03702,grey
K03703,turquoise
K03704,grey
K03705,grey
K03707,green
K03709,turquoise
K03710,red
K03711,turquoise
K03716,brown
K03717,green
K03718,red
K03719,turquoise
K03721,grey
K03722,blue
K03723,turquoise
K03724,brown
K03727,red
K03732,blue
K03733,grey
K03734,turquoise
K03735,blue
K03737,grey
K03738,brown
K03741,turquoise
K03742,turquoise
K03743,green
K03744,turquoise
K03746,yellow
K03747,brown
K03748,grey
K03749,yellow
K03750,turquoise
K03752,grey
K03753,yellow
K03756,brown
K03758,blue
K03759,green
K03760,yellow
K03761,blue
K03762,red
K03767,turquoise
K03768,blue
K03769,blue
K03770,brown
K03771,turquoise
K03772,brown
K03773,blue
K03774,blue
K03775,blue
K03778,blue
K03779,grey
K03780,red
K03781,black
K03782,brown
K03783,turquoise
K03784,red
K03786,turquoise
K03787,grey
K03789,blue
K03790,green
K03791,turquoise
K03793,yellow
K03795,yellow
K03796,yellow
K03797,grey
K03798,grey
K03799,green
K03800,turquoise
K03801,blue
K03802,black
K03803,blue
K03808,green
K03809,red
K03811,red
K03812,blue
K03814,turquoise
K03816,blue
K03817,grey
K03820,turquoise
K03821,blue
K03823,turquoise
K03824,turquoise
K03825,yellow
K03829,green
K03831,yellow
K03832,brown
K03833,brown
K03839,turquoise
K03841,turquoise
K03852,green
K03856,green
K03862,grey
K03863,grey
K03878,red
K03879,red
K03880,red
K03881,red
K03882,grey
K03883,red
K03884,red
K03885,red
K03886,red
K03889,red
K03890,red
K03891,red
K03892,grey
K03918,grey
K03919,blue
K03921,red
K03924,brown
K03925,grey
K03926,grey
K03928,grey
K03929,brown
K03932,green
K03933,grey
K03934,magenta
K03935,grey
K03969,pink
K03970,brown
K03973,brown
K03974,yellow
K03975,grey
K03976,blue
K03977,grey
K03978,grey
K03979,grey
K03980,red
K03981,blue
K04019,green
K04027,yellow
K04028,yellow
K04034,turquoise
K04035,turquoise
K04041,brown
K04042,blue
K04043,red
K04044,blue
K04046,black
K04047,black
K04062,black
K04063,green
K04065,black
K04066,turquoise
K04069,turquoise
K04072,grey
K04074,green
K04075,grey
K04077,grey
K04078,grey
K04079,turquoise
K04080,black
K04082,black
K04083,blue
K04084,grey
K04085,turquoise
K04087,blue
K04088,blue
K04090,pink
K04091,grey
K04092,grey
K04093,grey
K04094,green
K04096,turquoise
K04098,brown
K04099,brown
K04100,yellow
K04101,yellow
K04102,brown
K04103,green
K04108,green
K04109,yellow
K04110,magenta
K04112,yellow
K04113,yellow
K04114,yellow
K04115,yellow
K04127,yellow
K04343,red
K04382,grey
K04392,grey
K04437,brown
K04477,grey
K04483,magenta
K04485,turquoise
K04486,brown
K04487,black
K04488,black
K04516,yellow
K04517,yellow
K04518,turquoise
K04536,grey
K04561,yellow
K04562,blue
K04564,black
K04565,black
K04566,grey
K04567,turquoise
K04568,grey
K04646,grey
K04651,turquoise
K04652,turquoise
K04653,grey
K04654,turquoise
K04655,grey
K04656,turquoise
K04691,blue
K04712,grey
K04719,turquoise
K04739,grey
K04744,blue
K04748,brown
K04749,pink
K04750,black
K04751,yellow
K04752,yellow
K04753,green
K04754,brown
K04755,grey
K04756,grey
K04757,grey
K04758,turquoise
K04759,turquoise
K04760,blue
K04761,green
K04762,yellow
K04763,turquoise
K04764,brown
K04765,blue
K04767,turquoise
K04768,red
K04771,grey
K04772,green
K04773,turquoise
K04774,grey
K04796,magenta
K04797,magenta
K04798,magenta
K04799,magenta
K04801,magenta
K04802,magenta
K04940,green
K05020,green
K05281,yellow
K05297,blue
K05299,green
K05301,brown
K05303,black
K05304,brown
K05337,grey
K05340,grey
K05342,red
K05343,black
K05349,brown
K05350,turquoise
K05364,red
K05365,grey
K05366,grey
K05367,yellow
K05375,grey
K05396,grey
K05499,yellow
K05501,brown
K05515,grey
K05516,black
K05520,black
K05522,grey
K05524,brown
K05526,blue
K05527,blue
K05539,brown
K05540,turquoise
K05548,brown
K05549,blue
K05550,blue
K05555,green
K05559,yellow
K05562,yellow
K05563,yellow
K05565,turquoise
K05566,blue
K05567,green
K05568,yellow
K05569,green
K05570,green
K05571,green
K05577,red
K05589,blue
K05591,blue
K05592,grey
K05594,yellow
K05595,turquoise
K05601,turquoise
K05602,green
K05603,blue
K05606,grey
K05685,turquoise
K05692,brown
K05699,grey
K05708,grey
K05710,black
K05712,black
K05713,yellow
K05716,black
K05759,grey
K05765,green
K05768,brown
K05772,yellow
K05773,grey
K05782,blue
K05784,blue
K05785,green
K05786,blue
K05787,blue
K05788,brown
K05791,red
K05794,grey
K05795,red
K05797,brown
K05799,blue
K05800,blue
K05801,green
K05802,blue
K05803,blue
K05805,blue
K05807,turquoise
K05808,grey
K05810,turquoise
K05812,grey
K05813,brown
K05814,yellow
K05815,yellow
K05824,red
K05825,green
K05826,green
K05827,green
K05828,green
K05829,green
K05830,green
K05831,magenta
K05832,grey
K05833,yellow
K05834,blue
K05836,blue
K05837,turquoise
K05838,turquoise
K05841,yellow
K05844,magenta
K05845,red
K05846,red
K05847,red
K05863,red
K05873,green
K05878,brown
K05879,yellow
K05882,brown
K05889,brown
K05896,turquoise
K05916,grey
K05934,green
K05936,grey
K05939,green
K05946,green
K05947,magenta
K05962,yellow
K05970,brown
K05973,blue
K05979,green
K05982,green
K05989,grey
K05994,grey
K05995,turquoise
K06001,turquoise
K06006,grey
K06013,turquoise
K06015,brown
K06016,yellow
K06019,grey
K06020,yellow
K06023,turquoise
K06024,turquoise
K06033,brown
K06034,brown
K06039,yellow
K06041,turquoise
K06042,grey
K06044,black
K06045,brown
K06048,black
K06075,red
K06076,turquoise
K06077,blue
K06078,grey
K06113,grey
K06118,black
K06131,black
K06132,blue
K06133,grey
K06134,blue
K06135,blue
K06136,blue
K06137,blue
K06138,blue
K06139,blue
K06140,green
K06142,turquoise
K06143,yellow
K06145,blue
K06147,black
K06148,blue
K06149,brown
K06151,brown
K06152,brown
K06153,turquoise
K06158,turquoise
K06160,grey
K06167,brown
K06168,turquoise
K06169,grey
K06173,grey
K06174,pink
K06176,blue
K06177,blue
K06178,turquoise
K06179,blue
K06180,turquoise
K06181,blue
K06182,blue
K06183,turquoise
K06185,red
K06186,blue
K06187,turquoise
K06188,turquoise
K06189,blue
K06190,blue
K06191,red
K06192,blue
K06193,turquoise
K06194,blue
K06195,brown
K06196,green
K06197,black
K06199,turquoise
K06200,blue
K06201,grey
K06202,blue
K06203,green
K06204,brown
K06205,brown
K06206,blue
K06207,turquoise
K06208,red
K06213,turquoise
K06215,pink
K06217,turquoise
K06218,blue
K06221,red
K06223,grey
K06281,grey
K06282,pink
K06284,black
K06287,grey
K06324,yellow
K06346,red
K06377,red
K06378,red
K06381,red
K06400,green
K06402,green
K06412,grey
K06415,pink
K06416,black
K06423,grey
K06442,green
K06445,brown
K06447,blue
K06596,blue
K06597,grey
K06603,blue
K06630,red
K06689,red
K06718,red
K06720,red
K06726,green
K06758,red
K06860,green
K06861,grey
K06863,magenta
K06864,blue
K06867,brown
K06869,black
K06871,grey
K06872,turquoise
K06875,magenta
K06877,grey
K06878,yellow
K06879,blue
K06881,turquoise
K06883,brown
K06884,pink
K06885,blue
K06886,pink
K06888,grey
K06889,pink
K06890,grey
K06891,blue
K06893,brown
K06894,green
K06895,grey
K06897,turquoise
K06898,yellow
K06901,turquoise
K06902,turquoise
K06903,blue
K06904,grey
K06907,brown
K06910,grey
K06911,black
K06912,yellow
K06915,pink
K06916,blue
K06917,blue
K06919,green
K06920,turquoise
K06921,magenta
K06923,blue
K06925,grey
K06929,grey
K06934,black
K06937,pink
K06938,blue
K06940,turquoise
K06941,turquoise
K06942,turquoise
K06944,magenta
K06945,red
K06946,green
K06949,turquoise
K06950,yellow
K06952,blue
K06953,magenta
K06955,blue
K06956,grey
K06958,blue
K06959,green
K06960,grey
K06961,magenta
K06962,turquoise
K06966,turquoise
K06969,turquoise
K06971,black
K06972,green
K06973,grey
K06975,grey
K06978,green
K06980,grey
K06985,yellow
K06987,grey
K06988,green
K06989,green
K06990,blue
K06991,green
K06992,brown
K06994,red
K06995,blue
K06996,black
K06997,grey
K06998,yellow
K06999,turquoise
K07000,blue
K07001,turquoise
K07002,grey
K07003,brown
K07004,green
K07005,pink
K07006,brown
K07007,turquoise
K07008,blue
K07010,blue
K07011,turquoise
K07012,turquoise
K07017,brown
K07018,yellow
K07019,blue
K07020,green
K07023,grey
K07024,black
K07025,grey
K07026,grey
K07027,turquoise
K07028,turquoise
K07029,black
K07030,red
K07031,green
K07032,green
K07034,red
K07037,green
K07038,blue
K07039,turquoise
K07040,grey
K07041,black
K07042,grey
K07043,turquoise
K07044,grey
K07045,brown
K07046,grey
K07047,brown
K07048,brown
K07050,yellow
K07051,green
K07052,turquoise
K07053,turquoise
K07054,black
K07056,turquoise
K07058,black
K07062,green
K07064,green
K07065,green
K07066,grey
K07067,red
K07068,brown
K07071,turquoise
K07074,yellow
K07075,turquoise
K07076,brown
K07077,red
K07079,grey
K07080,brown
K07082,turquoise
K07085,brown
K07088,turquoise
K07089,turquoise
K07090,turquoise
K07091,turquoise
K07093,grey
K07094,grey
K07095,green
K07096,green
K07098,green
K07100,black
K07101,brown
K07102,turquoise
K07104,pink
K07106,green
K07107,turquoise
K07108,grey
K07110,grey
K07112,yellow
K07113,blue
K07114,brown
K07115,blue
K07116,blue
K07117,turquoise
K07118,grey
K07119,blue
K07120,yellow
K07121,blue
K07122,blue
K07124,turquoise
K07126,turquoise
K07127,yellow
K07130,yellow
K07131,red
K07133,brown
K07136,black
K07137,yellow
K07138,brown
K07139,green
K07140,green
K07141,brown
K07146,blue
K07147,brown
K07148,brown
K07151,magenta
K07152,brown
K07153,blue
K07154,blue
K07156,grey
K07157,turquoise
K07159,black
K07160,green
K07161,green
K07164,green
K07165,blue
K07168,blue
K07169,grey
K07170,blue
K07171,grey
K07172,grey
K07173,grey
K07175,blue
K07177,red
K07178,blue
K07180,pink
K07181,yellow
K07182,blue
K07183,grey
K07184,blue
K07192,brown
K07213,blue
K07214,turquoise
K07216,yellow
K07217,black
K07218,yellow
K07219,grey
K07220,brown
K07221,brown
K07222,brown
K07223,blue
K07226,blue
K07228,grey
K07231,blue
K07232,blue
K07233,yellow
K07234,yellow
K07235,turquoise
K07236,turquoise
K07237,turquoise
K07238,grey
K07239,grey
K07240,blue
K07241,grey
K07243,brown
K07245,yellow
K07246,brown
K07250,grey
K07257,green
K07258,turquoise
K07259,brown
K07260,green
K07261,brown
K07262,brown
K07263,brown
K07267,grey
K07273,grey
K07275,blue
K07276,yellow
K07277,grey
K07278,grey
K07282,green
K07283,yellow
K07284,black
K07285,blue
K07286,blue
K07287,blue
K07289,red
K07290,black
K07300,grey
K07301,turquoise
K07302,brown
K07303,brown
K07304,grey
K07305,grey
K07306,green
K07313,green
K07315,black
K07316,turquoise
K07320,yellow
K07321,yellow
K07322,yellow
K07323,black
K07334,green
K07335,grey
K07336,pink
K07337,brown
K07340,brown
K07341,turquoise
K07343,blue
K07346,brown
K07374,grey
K07375,yellow
K07386,red
K07387,black
K07390,brown
K07391,turquoise
K07393,blue
K07395,yellow
K07396,blue
K07397,blue
K07399,grey
K07400,grey
K07401,green
K07402,green
K07403,turquoise
K07404,brown
K07405,yellow
K07407,yellow
K07442,red
K07443,green
K07444,yellow
K07445,grey
K07447,turquoise
K07448,grey
K07451,grey
K07452,black
K07454,grey
K07456,grey
K07458,grey
K07460,turquoise
K07461,grey
K07462,turquoise
K07463,grey
K07466,magenta
K07473,yellow
K07477,green
K07478,turquoise
K07480,black
K07481,blue
K07482,grey
K07483,green
K07484,green
K07485,green
K07486,brown
K07487,green
K07488,green
K07491,green
K07492,grey
K07493,turquoise
K07494,green
K07495,grey
K07496,red
K07497,green
K07498,red
K07501,turquoise
K07502,green
K07503,red
K07504,blue
K07506,green
K07507,black
K07516,brown
K07518,yellow
K07533,red
K07535,yellow
K07537,yellow
K07539,yellow
K07543,brown
K07544,green
K07552,blue
K07559,yellow
K07560,grey
K07566,turquoise
K07568,turquoise
K07572,black
K07573,magenta
K07574,blue
K07576,turquoise
K07577,magenta
K07584,red
K07588,grey
K07590,red
K07636,green
K07637,blue
K07638,blue
K07640,yellow
K07642,grey
K07644,green
K07646,grey
K07649,yellow
K07652,red
K07653,grey
K07654,red
K07657,pink
K07658,yellow
K07659,blue
K07660,blue
K07662,yellow
K07663,blue
K07665,yellow
K07666,yellow
K07667,black
K07668,green
K07669,grey
K07670,black
K07673,yellow
K07675,grey
K07677,grey
K07684,grey
K07685,grey
K07689,blue
K07690,grey
K07692,red
K07693,green
K07696,brown
K07699,red
K07705,brown
K07708,yellow
K07709,magenta
K07710,yellow
K07711,green
K07712,yellow
K07713,brown
K07714,blue
K07715,black
K07716,green
K07720,grey
K07722,turquoise
K07723,red
K07726,brown
K07727,yellow
K07729,green
K07733,green
K07734,yellow
K07735,turquoise
K07736,pink
K07738,grey
K07739,green
K07740,blue
K07742,black
K07746,blue
K07749,brown
K07768,red
K07774,yellow
K07775,grey
K07776,grey
K07777,green
K07787,yellow
K07788,brown
K07789,green
K07791,green
K07793,green
K07794,yellow
K07795,brown
K07798,yellow
K07799,blue
K07810,yellow
K07812,brown
K07814,green
K07827,grey
K07862,blue
K07874,red
K07936,red
K07937,red
K07979,pink
K08008,grey
K08057,magenta
K08070,green
K08082,blue
K08083,blue
K08084,brown
K08086,brown
K08097,red
K08100,yellow
K08151,grey
K08167,green
K08177,red
K08191,blue
K08195,yellow
K08217,green
K08218,green
K08223,brown
K08224,blue
K08226,turquoise
K08234,black
K08252,blue
K08253,grey
K08256,red
K08281,grey
K08282,green
K08289,turquoise
K08295,yellow
K08296,turquoise
K08299,grey
K08300,grey
K08301,grey
K08302,green
K08303,turquoise
K08304,grey
K08305,blue
K08307,grey
K08309,pink
K08310,yellow
K08311,blue
K08316,blue
K08321,grey
K08323,yellow
K08351,green
K08363,grey
K08364,yellow
K08365,yellow
K08369,green
K08372,red
K08481,grey
K08482,black
K08483,turquoise
K08484,blue
K08591,turquoise
K08602,yellow
K08603,grey
K08604,brown
K08641,grey
K08646,yellow
K08651,yellow
K08676,brown
K08678,green
K08679,grey
K08681,red
K08685,brown
K08691,grey
K08714,green
K08717,pink
K08720,blue
K08722,yellow
K08738,brown
K08744,grey
K08764,grey
K08770,pink
K08776,green
K08884,grey
K08900,grey
K08963,turquoise
K08964,brown
K08967,brown
K08972,green
K08973,turquoise
K08975,magenta
K08976,grey
K08977,green
K08981,red
K08982,yellow
K08983,black
K08984,green
K08987,grey
K08989,grey
K08994,blue
K08995,black
K08998,turquoise
K08999,grey
K09001,blue
K09003,grey
K09004,brown
K09005,yellow
K09007,pink
K09012,green
K09013,black
K09014,black
K09015,black
K09017,blue
K09018,green
K09019,grey
K09020,grey
K09022,blue
K09023,green
K09065,yellow
K09117,grey
K09118,red
K09121,green
K09122,green
K09123,brown
K09125,yellow
K09128,brown
K09129,green
K09131,turquoise
K09134,turquoise
K09136,turquoise
K09141,grey
K09143,green
K09158,blue
K09159,blue
K09160,grey
K09162,red
K09163,red
K09164,magenta
K09165,black
K09166,turquoise
K09181,brown
K09251,green
K09252,brown
K09386,green
K09456,blue
K09457,grey
K09458,grey
K09459,green
K09461,grey
K09471,blue
K09472,blue
K09474,yellow
K09478,green
K09487,grey
K09489,red
K09490,red
K09503,grey
K09516,yellow
K09580,red
K09607,pink
K09681,green
K09684,red
K09690,yellow
K09691,blue
K09694,grey
K09695,grey
K09696,yellow
K09697,brown
K09699,blue
K09700,black
K09705,turquoise
K09709,yellow
K09710,grey
K09721,magenta
K09723,magenta
K09735,black
K09747,turquoise
K09748,grey
K09758,brown
K09759,grey
K09760,turquoise
K09761,red
K09763,grey
K09764,red
K09767,red
K09768,green
K09769,turquoise
K09771,grey
K09772,red
K09773,blue
K09774,blue
K09776,grey
K09777,green
K09778,turquoise
K09779,grey
K09780,blue
K09781,green
K09786,pink
K09788,brown
K09790,blue
K09791,brown
K09792,yellow
K09793,black
K09794,grey
K09796,blue
K09797,yellow
K09798,blue
K09799,red
K09800,grey
K09801,yellow
K09803,turquoise
K09804,grey
K09806,blue
K09807,grey
K09808,turquoise
K09809,black
K09810,grey
K09811,black
K09812,black
K09815,turquoise
K09816,turquoise
K09817,grey
K09819,green
K09822,yellow
K09823,green
K09825,grey
K09826,green
K09835,turquoise
K09857,blue
K09861,blue
K09862,grey
K09880,black
K09882,green
K09883,grey
K09888,brown
K09889,blue
K09892,blue
K09895,blue
K09903,grey
K09908,blue
K09913,blue
K09914,green
K09915,blue
K09918,green
K09919,blue
K09920,blue
K09921,brown
K09922,yellow
K09924,blue
K09926,blue
K09927,green
K09928,blue
K09930,brown
K09931,turquoise
K09932,blue
K09933,blue
K09936,grey
K09937,blue
K09938,blue
K09940,blue
K09941,grey
K09942,magenta
K09945,grey
K09946,brown
K09948,yellow
K09949,green
K09950,blue
K09955,brown
K09957,yellow
K09958,brown
K09959,grey
K09965,green
K09966,yellow
K09967,brown
K09969,brown
K09970,blue
K09971,blue
K09972,blue
K09973,yellow
K09974,grey
K09978,turquoise
K09981,grey
K09983,grey
K09984,blue
K09985,green
K09987,green
K09989,blue
K09990,grey
K09991,yellow
K09992,brown
K10001,brown
K10002,blue
K10003,blue
K10004,blue
K10005,red
K10006,red
K10007,red
K10008,red
K10012,yellow
K10022,blue
K10026,grey
K10039,grey
K10085,black
K10108,brown
K10111,yellow
K10112,pink
K10117,brown
K10118,red
K10119,grey
K10125,grey
K10126,blue
K10200,grey
K10206,green
K10215,grey
K10216,blue
K10217,grey
K10218,yellow
K10219,yellow
K10220,brown
K10221,yellow
K10227,grey
K10228,grey
K10231,black
K10232,pink
K10233,grey
K10234,grey
K10236,green
K10240,brown
K10253,grey
K10254,yellow
K10255,green
K10352,brown
K10355,brown
K10356,grey
K10380,brown
K10439,brown
K10440,yellow
K10441,yellow
K10533,red
K10535,green
K10536,grey
K10543,brown
K10544,grey
K10545,grey
K10546,brown
K10547,grey
K10548,red
K10552,grey
K10553,grey
K10554,grey
K10559,brown
K10561,green
K10563,red
K10619,grey
K10621,green
K10622,green
K10670,brown
K10672,green
K10674,grey
K10678,green
K10680,blue
K10704,grey
K10713,brown
K10715,brown
K10716,grey
K10725,magenta
K10726,magenta
K10747,black
K10764,blue
K10773,turquoise
K10775,red
K10778,green
K10780,brown
K10794,green
K10804,brown
K10805,grey
K10806,blue
K10823,grey
K10843,red
K10848,magenta
K10854,grey
K10855,brown
K10856,brown
K10907,grey
K10914,brown
K10924,brown
K10941,blue
K10942,yellow
K10943,blue
K10944,pink
K10945,pink
K10946,pink
K10947,yellow
K10956,red
K10979,black
K11004,yellow
K11065,turquoise
K11068,grey
K11069,brown
K11070,green
K11071,red
K11072,red
K11073,blue
K11074,blue
K11075,blue
K11076,blue
K11085,grey
K11089,brown
K11102,grey
K11103,red
K11105,yellow
K11106,yellow
K11159,yellow
K11173,grey
K11175,turquoise
K11177,brown
K11178,brown
K11179,turquoise
K11183,yellow
K11189,turquoise
K11209,brown
K11212,green
K11215,red
K11251,grey
K11252,red
K11253,red
K11254,red
K11263,red
K11275,grey
K11294,grey
K11358,green
K11381,pink
K11384,black
K11434,grey
K11443,pink
K11472,blue
K11473,blue
K11475,brown
K11477,brown
K11527,grey
K11530,brown
K11533,red
K11594,red
K11600,magenta
K11604,grey
K11609,grey
K11618,grey
K11645,brown
K11646,magenta
K11688,blue
K11689,yellow
K11690,yellow
K11705,green
K11707,green
K11710,green
K11717,red
K11719,blue
K11720,turquoise
K11731,yellow
K11734,blue
K11735,blue
K11741,blue
K11747,blue
K11749,grey
K11752,turquoise
K11753,turquoise
K11754,turquoise
K11755,green
K11779,brown
K11781,brown
K11782,brown
K11783,red
K11784,blue
K11785,green
K11890,brown
K11891,brown
K11892,brown
K11893,green
K11895,brown
K11896,brown
K11897,brown
K11898,brown
K11900,brown
K11901,brown
K11902,brown
K11903,brown
K11904,brown
K11905,yellow
K11906,brown
K11907,green
K11912,blue
K11927,grey
K11928,grey
K11936,green
K11940,grey
K11942,brown
K11959,yellow
K11960,yellow
K11961,yellow
K11962,yellow
K11963,yellow
K11991,grey
K11996,pink
K11997,brown
K12137,yellow
K12140,yellow
K12141,grey
K12234,green
K12240,brown
K12251,turquoise
K12254,blue
K12256,blue
K12257,grey
K12261,blue
K12262,blue
K12266,brown
K12267,turquoise
K12276,grey
K12308,brown
K12339,pink
K12340,turquoise
K12368,brown
K12369,brown
K12370,grey
K12371,blue
K12373,grey
K12405,grey
K12410,turquoise
K12433,grey
K12446,grey
K12448,green
K12452,yellow
K12454,yellow
K12503,red
K12506,yellow
K12508,yellow
K12510,grey
K12511,grey
K12524,turquoise
K12526,brown
K12528,brown
K12541,blue
K12543,brown
K12544,blue
K12549,blue
K12567,brown
K12573,turquoise
K12574,red
K12589,magenta
K12600,brown
K12661,grey
K12686,grey
K12741,grey
K12812,black
K12856,red
K12941,brown
K12942,yellow
K12957,magenta
K12960,yellow
K12972,grey
K12979,blue
K12989,yellow
K12992,grey
K12994,grey
K12995,blue
K13007,yellow
K13010,grey
K13013,grey
K13015,brown
K13016,blue
K13017,yellow
K13018,brown
K13020,yellow
K13021,grey
K13038,turquoise
K13039,green
K13049,brown
K13051,grey
K13053,blue
K13057,black
K13058,green
K13075,red
K13126,grey
K13237,green
K13276,brown
K13280,grey
K13282,grey
K13288,yellow
K13292,turquoise
K13378,blue
K13408,yellow
K13409,grey
K13421,grey
K13481,yellow
K13482,brown
K13483,brown
K13503,green
K13525,pink
K13527,black
K13529,red
K13542,turquoise
K13570,black
K13571,pink
K13572,grey
K13573,grey
K13574,brown
K13581,yellow
K13582,grey
K13583,grey
K13584,brown
K13587,green
K13589,yellow
K13590,grey
K13592,yellow
K13598,brown
K13599,blue
K13614,brown
K13626,grey
K13628,black
K13634,yellow
K13635,yellow
K13640,black
K13641,grey
K13643,grey
K13652,grey
K13653,grey
K13661,magenta
K13668,green
K13688,black
K13693,pink
K13694,yellow
K13730,turquoise
K13735,brown
K13747,grey
K13766,blue
K13770,grey
K13771,green
K13774,grey
K13775,yellow
K13787,red
K13788,blue
K13789,turquoise
K13796,green
K13798,magenta
K13810,brown
K13815,brown
K13816,brown
K13821,black
K13832,yellow
K13853,red
K13886,grey
K13888,black
K13889,grey
K13893,blue
K13894,green
K13895,blue
K13896,blue
K13924,pink
K13926,green
K13929,grey
K13950,grey
K13953,turquoise
K13954,green
K13963,green
K13979,magenta
K13985,black
K13990,yellow
K13993,grey
K14028,brown
K14052,grey
K14055,yellow
K14058,brown
K14059,grey
K14083,green
K14155,brown
K14162,yellow
K14164,green
K14165,magenta
K14166,green
K14170,brown
K14187,blue
K14194,grey
K14195,grey
K14205,yellow
K14252,yellow
K14257,green
K14259,brown
K14260,blue
K14261,turquoise
K14266,brown
K14267,blue
K14268,blue
K14287,blue
K14291,grey
K14333,yellow
K14335,yellow
K14338,grey
K14393,blue
K14415,grey
K14441,turquoise
K14445,yellow
K14446,blue
K14447,red
K14448,red
K14475,brown
K14519,blue
K14534,pink
K14540,red
K14564,red
K14574,black
K14585,brown
K14645,brown
K14647,grey
K14652,turquoise
K14660,grey
K14682,blue
K14728,magenta
K14733,green
K14742,turquoise
K14753,red
K14941,red
K14952,grey
K14954,red
K14977,blue
K14980,yellow
K14981,brown
K14986,magenta
K14987,yellow
K14998,yellow
K15011,blue
K15012,grey
K15016,magenta
K15019,grey
K15034,turquoise
K15040,red
K15060,green
K15061,grey
K15064,brown
K15065,brown
K15066,brown
K15067,green
K15102,red
K15256,turquoise
K15257,blue
K15268,blue
K15358,blue
K15371,blue
K15372,red
K15383,turquoise
K15408,black
K15449,magenta
K15461,yellow
K15503,yellow
K15509,grey
K15510,magenta
K15511,blue
K15512,brown
K15513,pink
K15515,blue
K15518,grey
K15521,red
K15525,red
K15526,red
K15532,blue
K15539,blue
K15546,blue
K15552,grey
K15553,blue
K15576,yellow
K15577,yellow
K15578,yellow
K15580,pink
K15581,red
K15582,red
K15583,red
K15633,red
K15634,green
K15635,green
K15724,pink
K15725,yellow
K15726,yellow
K15727,yellow
K15736,green
K15738,turquoise
K15760,black
K15762,green
K15763,black
K15764,black
K15765,yellow
K15770,grey
K15771,brown
K15772,grey
K15777,yellow
K15778,blue
K15785,green
K15789,green
K15836,blue
K15856,black
K15861,yellow
K15862,yellow
K15864,blue
K15866,turquoise
K15876,grey
K15888,green
K15894,yellow
K15916,green
K15923,yellow
K15924,grey
K15975,black
K15977,grey
K15981,grey
K15986,grey
K15987,yellow
K16011,turquoise
K16014,green
K16043,yellow
K16047,green
K16052,green
K16055,black
K16074,blue
K16079,grey
K16081,blue
K16087,turquoise
K16089,grey
K16090,turquoise
K16091,green
K16092,turquoise
K16137,yellow
K16146,red
K16147,black
K16148,red
K16149,green
K16164,grey
K16165,brown
K16167,black
K16168,grey
K16171,turquoise
K16173,blue
K16203,grey
K16211,blue
K16238,blue
K16242,red
K16254,brown
K16260,grey
K16261,red
K16264,turquoise
K16267,yellow
K16291,blue
K16299,blue
K16301,grey
K16306,magenta
K16319,green
K16320,grey
K16322,blue
K16329,brown
K16338,grey
K16348,grey
K16363,turquoise
K16370,yellow
K16422,brown
K16511,red
K16514,grey
K16554,yellow
K16555,blue
K16556,yellow
K16557,grey
K16562,yellow
K16563,yellow
K16566,grey
K16593,grey
K16645,red
K16650,red
K16692,blue
K16703,grey
K16785,red
K16787,grey
K16841,grey
K16844,grey
K16845,blue
K16846,brown
K16856,grey
K16868,black
K16871,brown
K16872,blue
K16874,yellow
K16877,yellow
K16881,red
K16898,grey
K16899,grey
K16907,yellow
K16922,yellow
K16925,red
K16937,turquoise
K16968,brown
K16969,yellow
K17067,red
K17103,grey
K17213,brown
K17217,grey
K17218,turquoise
K17222,turquoise
K17223,turquoise
K17224,turquoise
K17225,brown
K17226,turquoise
K17227,turquoise
K17228,blue
K17229,turquoise
K17230,turquoise
K17247,brown
K17255,red
K17260,grey
K17266,brown
K17275,grey
K17279,grey
K17285,pink
K17311,black
K17312,black
K17313,black
K17315,brown
K17316,grey
K17318,brown
K17321,brown
K17322,brown
K17323,grey
K17324,blue
K17329,grey
K17675,yellow
K17686,grey
K17713,brown
K17716,blue
K17723,brown
K17733,grey
K17734,brown
K17744,brown
K17752,pink
K17754,green
K17759,grey
K17760,brown
K17762,black
K17763,pink
K17828,turquoise
K17829,black
K17836,green
K17837,brown
K17865,blue
K17884,magenta
K17892,brown
K17947,green
K17987,red
K18028,grey
K18029,brown
K18030,yellow
K18045,grey
K18067,green
K18068,green
K18074,green
K18093,blue
K18118,blue
K18119,black
K18122,green
K18123,yellow
K18135,blue
K18138,yellow
K18139,blue
K18148,grey
K18195,brown
K18197,brown
K18199,yellow
K18200,brown
K18220,red
K18223,pink
K18224,grey
K18225,grey
K18226,grey
K18235,brown
K18242,brown
K18243,grey
K18285,green
K18289,yellow
K18290,yellow
K18298,blue
K18299,blue
K18300,blue
K18301,grey
K18302,yellow
K18303,yellow
K18307,grey
K18335,brown
K18361,yellow
K18364,brown
K18365,brown
K18366,brown
K18369,yellow
K18371,blue
K18382,grey
K18383,yellow
K18425,yellow
K18441,brown
K18455,red
K18459,green
K18472,red
K18482,brown
K18537,grey
K18541,yellow
K18545,black
K18547,grey
K18581,grey
K18584,grey
K18593,magenta
K18594,magenta
K18601,magenta
K18602,grey
K18603,magenta
K18604,magenta
K18605,magenta
K18640,red
K18661,yellow
K18672,green
K18682,grey
K18691,blue
K18702,brown
K18707,turquoise
K18778,brown
K18827,blue
K18828,blue
K18829,green
K18831,brown
K18833,black
K18843,yellow
K18850,blue
K18851,red
K18893,blue
K18900,yellow
K18901,brown
K18902,grey
K18903,grey
K18910,brown
K18911,black
K18912,green
K18917,red
K18918,green
K18926,red
K18928,green
K18929,black
K18930,yellow
K18954,black
K18955,red
K18958,red
K18979,green
K18981,blue
K18983,red
K18989,yellow
K18990,green
K18997,red
K19031,brown
K19033,green
K19055,grey
K19062,grey
K19064,grey
K19068,blue
K19070,grey
K19071,brown
K19091,brown
K19092,blue
K19117,turquoise
K19157,grey
K19158,green
K19159,green
K19163,grey
K19164,grey
K19166,brown
K19168,blue
K19169,green
K19171,grey
K19188,yellow
K19191,green
K19200,green
K19221,turquoise
K19224,grey
K19225,blue
K19231,brown
K19235,grey
K19244,yellow
K19265,red
K19267,yellow
K19270,grey
K19286,grey
K19290,black
K19291,grey
K19294,blue
K19295,grey
K19296,grey
K19302,grey
K19337,blue
K19338,grey
K19339,yellow
K19341,yellow
K19342,yellow
K19355,grey
K19405,grey
K19411,grey
K19416,blue
K19430,grey
K19519,black
K19551,brown
K19577,grey
K19585,grey
K19586,yellow
K19591,grey
K19594,brown
K19641,grey
K19668,brown
K19670,brown
K19686,grey
K19687,green
K19689,red
K19696,blue
K19702,grey
K19703,grey
K19710,grey
K19713,yellow
K19745,yellow
K19746,grey
K19778,grey
K19784,turquoise